measure_id,measure_name,location_id,location_name,sex_id,sex_name,age_id,age_name,cause_id,cause_name,metric_id,metric_name,year,val,upper,lower
2,DALYs (Disability-Adjusted Life Years),6,China,2,Female,27,Age-standardized,420,Liver cancer due to alcohol use,3,Rate,1990,33.65529794,45.82794596,23.79533487
2,DALYs (Disability-Adjusted Life Years),6,China,2,Female,27,Age-standardized,420,Liver cancer due to alcohol use,3,Rate,1991,33.87215204,45.91454897,24.39462728
2,DALYs (Disability-Adjusted Life Years),6,China,2,Female,27,Age-standardized,420,Liver cancer due to alcohol use,3,Rate,1992,34.03856609,46.4850743,24.97229594
2,DALYs (Disability-Adjusted Life Years),6,China,2,Female,27,Age-standardized,420,Liver cancer due to alcohol use,3,Rate,1993,34.15890909,45.37517381,25.28298638
2,DALYs (Disability-Adjusted Life Years),6,China,2,Female,27,Age-standardized,420,Liver cancer due to alcohol use,3,Rate,1994,34.04244439,44.64115494,24.48787099
2,DALYs (Disability-Adjusted Life Years),6,China,2,Female,27,Age-standardized,420,Liver cancer due to alcohol use,3,Rate,1995,33.55719939,44.42316454,25.20958873
2,DALYs (Disability-Adjusted Life Years),6,China,2,Female,27,Age-standardized,420,Liver cancer due to alcohol use,3,Rate,1996,32.90876762,42.92662027,24.61035253
2,DALYs (Disability-Adjusted Life Years),6,China,2,Female,27,Age-standardized,420,Liver cancer due to alcohol use,3,Rate,1997,31.83172576,41.18735078,23.66351893
2,DALYs (Disability-Adjusted Life Years),6,China,2,Female,27,Age-standardized,420,Liver cancer due to alcohol use,3,Rate,1998,30.58905547,39.25279963,23.08123485
2,DALYs (Disability-Adjusted Life Years),6,China,2,Female,27,Age-standardized,420,Liver cancer due to alcohol use,3,Rate,1999,29.30534932,37.94957517,22.01696393
2,DALYs (Disability-Adjusted Life Years),6,China,2,Female,27,Age-standardized,420,Liver cancer due to alcohol use,3,Rate,2000,26.83103568,34.6688173,20.30151106
2,DALYs (Disability-Adjusted Life Years),6,China,2,Female,27,Age-standardized,420,Liver cancer due to alcohol use,3,Rate,2001,23.21513801,30.7865068,17.47929566
2,DALYs (Disability-Adjusted Life Years),6,China,2,Female,27,Age-standardized,420,Liver cancer due to alcohol use,3,Rate,2002,19.77366814,25.97958584,14.73598961
2,DALYs (Disability-Adjusted Life Years),6,China,2,Female,27,Age-standardized,420,Liver cancer due to alcohol use,3,Rate,2003,16.71082603,21.90873605,12.55229002
2,DALYs (Disability-Adjusted Life Years),6,China,2,Female,27,Age-standardized,420,Liver cancer due to alcohol use,3,Rate,2004,14.32639563,18.66859245,10.63175301
2,DALYs (Disability-Adjusted Life Years),6,China,2,Female,27,Age-standardized,420,Liver cancer due to alcohol use,3,Rate,2005,13.12858628,16.96540146,9.900042488
2,DALYs (Disability-Adjusted Life Years),6,China,2,Female,27,Age-standardized,420,Liver cancer due to alcohol use,3,Rate,2006,12.46735754,16.0626213,9.48102744
2,DALYs (Disability-Adjusted Life Years),6,China,2,Female,27,Age-standardized,420,Liver cancer due to alcohol use,3,Rate,2007,11.90745773,15.07974509,9.024255551
2,DALYs (Disability-Adjusted Life Years),6,China,2,Female,27,Age-standardized,420,Liver cancer due to alcohol use,3,Rate,2008,11.86068263,15.10203047,8.781577537
2,DALYs (Disability-Adjusted Life Years),6,China,2,Female,27,Age-standardized,420,Liver cancer due to alcohol use,3,Rate,2009,11.45034928,14.6204577,8.68264197
2,DALYs (Disability-Adjusted Life Years),6,China,2,Female,27,Age-standardized,420,Liver cancer due to alcohol use,3,Rate,2010,11.08175676,14.38242933,8.337313844
2,DALYs (Disability-Adjusted Life Years),6,China,2,Female,27,Age-standardized,420,Liver cancer due to alcohol use,3,Rate,2011,10.74550012,13.86275904,8.088912746
2,DALYs (Disability-Adjusted Life Years),6,China,2,Female,27,Age-standardized,420,Liver cancer due to alcohol use,3,Rate,2012,10.51204611,13.5526751,7.935586313
2,DALYs (Disability-Adjusted Life Years),6,China,2,Female,27,Age-standardized,420,Liver cancer due to alcohol use,3,Rate,2013,10.66795905,13.60619857,8.053369149
2,DALYs (Disability-Adjusted Life Years),6,China,2,Female,27,Age-standardized,420,Liver cancer due to alcohol use,3,Rate,2014,10.972484,14.17890394,8.288678844
2,DALYs (Disability-Adjusted Life Years),6,China,2,Female,27,Age-standardized,420,Liver cancer due to alcohol use,3,Rate,2015,11.14018474,14.42522447,8.296461945
2,DALYs (Disability-Adjusted Life Years),6,China,2,Female,27,Age-standardized,420,Liver cancer due to alcohol use,3,Rate,2016,11.06677158,14.41293151,8.261428743
2,DALYs (Disability-Adjusted Life Years),6,China,2,Female,27,Age-standardized,420,Liver cancer due to alcohol use,3,Rate,2017,10.87868045,14.52301429,7.965469355
2,DALYs (Disability-Adjusted Life Years),6,China,2,Female,27,Age-standardized,420,Liver cancer due to alcohol use,3,Rate,2018,10.90589454,14.73201673,7.89357224
2,DALYs (Disability-Adjusted Life Years),6,China,2,Female,27,Age-standardized,420,Liver cancer due to alcohol use,3,Rate,2019,11.21095569,15.06889294,7.859579102
