measure_id,measure_name,location_id,location_name,sex_id,sex_name,age_id,age_name,cause_id,cause_name,metric_id,metric_name,year,val,upper,lower
2,DALYs (Disability-Adjusted Life Years),6,China,1,Male,27,Age-standardized,419,Liver cancer due to hepatitis C,3,Rate,1990,93.33043637,116.2746855,73.47316524
2,DALYs (Disability-Adjusted Life Years),6,China,1,Male,27,Age-standardized,419,Liver cancer due to hepatitis C,3,Rate,1991,96.33191084,118.6797688,76.31332364
2,DALYs (Disability-Adjusted Life Years),6,China,1,Male,27,Age-standardized,419,Liver cancer due to hepatitis C,3,Rate,1992,98.59409843,120.8529283,79.23448872
2,DALYs (Disability-Adjusted Life Years),6,China,1,Male,27,Age-standardized,419,Liver cancer due to hepatitis C,3,Rate,1993,100.9713288,120.9171405,83.19960261
2,DALYs (Disability-Adjusted Life Years),6,China,1,Male,27,Age-standardized,419,Liver cancer due to hepatitis C,3,Rate,1994,103.3649476,123.3465237,85.42740652
2,DALYs (Disability-Adjusted Life Years),6,China,1,Male,27,Age-standardized,419,Liver cancer due to hepatitis C,3,Rate,1995,104.3789748,123.0002171,87.2816852
2,DALYs (Disability-Adjusted Life Years),6,China,1,Male,27,Age-standardized,419,Liver cancer due to hepatitis C,3,Rate,1996,104.3101006,123.9568504,87.95060466
2,DALYs (Disability-Adjusted Life Years),6,China,1,Male,27,Age-standardized,419,Liver cancer due to hepatitis C,3,Rate,1997,102.0639118,118.7946121,85.62891989
2,DALYs (Disability-Adjusted Life Years),6,China,1,Male,27,Age-standardized,419,Liver cancer due to hepatitis C,3,Rate,1998,98.98990945,116.652179,83.56587978
2,DALYs (Disability-Adjusted Life Years),6,China,1,Male,27,Age-standardized,419,Liver cancer due to hepatitis C,3,Rate,1999,94.63625082,111.9073383,79.52081194
2,DALYs (Disability-Adjusted Life Years),6,China,1,Male,27,Age-standardized,419,Liver cancer due to hepatitis C,3,Rate,2000,87.04688195,102.1711264,72.77949432
2,DALYs (Disability-Adjusted Life Years),6,China,1,Male,27,Age-standardized,419,Liver cancer due to hepatitis C,3,Rate,2001,75.84893044,90.44975825,63.09915462
2,DALYs (Disability-Adjusted Life Years),6,China,1,Male,27,Age-standardized,419,Liver cancer due to hepatitis C,3,Rate,2002,61.66726134,72.63584245,51.49142267
2,DALYs (Disability-Adjusted Life Years),6,China,1,Male,27,Age-standardized,419,Liver cancer due to hepatitis C,3,Rate,2003,50.10801033,59.02675592,42.63220022
2,DALYs (Disability-Adjusted Life Years),6,China,1,Male,27,Age-standardized,419,Liver cancer due to hepatitis C,3,Rate,2004,42.13841748,49.7559284,35.85780567
2,DALYs (Disability-Adjusted Life Years),6,China,1,Male,27,Age-standardized,419,Liver cancer due to hepatitis C,3,Rate,2005,38.73674267,45.51185268,32.6428702
2,DALYs (Disability-Adjusted Life Years),6,China,1,Male,27,Age-standardized,419,Liver cancer due to hepatitis C,3,Rate,2006,36.85878003,42.95311133,31.51063859
2,DALYs (Disability-Adjusted Life Years),6,China,1,Male,27,Age-standardized,419,Liver cancer due to hepatitis C,3,Rate,2007,35.44728422,41.18212365,30.30071574
2,DALYs (Disability-Adjusted Life Years),6,China,1,Male,27,Age-standardized,419,Liver cancer due to hepatitis C,3,Rate,2008,35.24674776,41.31430995,29.62054749
2,DALYs (Disability-Adjusted Life Years),6,China,1,Male,27,Age-standardized,419,Liver cancer due to hepatitis C,3,Rate,2009,33.64275335,39.62018232,28.64745611
2,DALYs (Disability-Adjusted Life Years),6,China,1,Male,27,Age-standardized,419,Liver cancer due to hepatitis C,3,Rate,2010,32.12621111,37.91739728,26.73139128
2,DALYs (Disability-Adjusted Life Years),6,China,1,Male,27,Age-standardized,419,Liver cancer due to hepatitis C,3,Rate,2011,30.9353232,36.68966435,25.69952094
2,DALYs (Disability-Adjusted Life Years),6,China,1,Male,27,Age-standardized,419,Liver cancer due to hepatitis C,3,Rate,2012,30.94781793,37.18436423,26.01764934
2,DALYs (Disability-Adjusted Life Years),6,China,1,Male,27,Age-standardized,419,Liver cancer due to hepatitis C,3,Rate,2013,31.83477695,37.89141176,26.41521455
2,DALYs (Disability-Adjusted Life Years),6,China,1,Male,27,Age-standardized,419,Liver cancer due to hepatitis C,3,Rate,2014,33.50846145,40.26485918,27.69759139
2,DALYs (Disability-Adjusted Life Years),6,China,1,Male,27,Age-standardized,419,Liver cancer due to hepatitis C,3,Rate,2015,34.79265218,42.79863884,28.40033904
2,DALYs (Disability-Adjusted Life Years),6,China,1,Male,27,Age-standardized,419,Liver cancer due to hepatitis C,3,Rate,2016,35.31625918,43.98051765,28.17268314
2,DALYs (Disability-Adjusted Life Years),6,China,1,Male,27,Age-standardized,419,Liver cancer due to hepatitis C,3,Rate,2017,35.3784489,43.82546965,27.78602347
2,DALYs (Disability-Adjusted Life Years),6,China,1,Male,27,Age-standardized,419,Liver cancer due to hepatitis C,3,Rate,2018,35.4196,44.27042255,27.85215477
2,DALYs (Disability-Adjusted Life Years),6,China,1,Male,27,Age-standardized,419,Liver cancer due to hepatitis C,3,Rate,2019,36.14683754,45.4926151,27.73751262
