measure_id,measure_name,location_id,location_name,sex_id,sex_name,age_id,age_name,cause_id,cause_name,metric_id,metric_name,year,val,upper,lower
2,DALYs (Disability-Adjusted Life Years),6,China,2,Female,27,Age-standardized,419,Liver cancer due to hepatitis C,3,Rate,1990,117.3603988,146.5694609,92.86263949
2,DALYs (Disability-Adjusted Life Years),6,China,2,Female,27,Age-standardized,419,Liver cancer due to hepatitis C,3,Rate,1991,118.5258476,149.8797096,94.43654525
2,DALYs (Disability-Adjusted Life Years),6,China,2,Female,27,Age-standardized,419,Liver cancer due to hepatitis C,3,Rate,1992,119.3065162,147.1355405,96.58660733
2,DALYs (Disability-Adjusted Life Years),6,China,2,Female,27,Age-standardized,419,Liver cancer due to hepatitis C,3,Rate,1993,120.2035364,144.5100442,98.31002341
2,DALYs (Disability-Adjusted Life Years),6,China,2,Female,27,Age-standardized,419,Liver cancer due to hepatitis C,3,Rate,1994,119.735909,143.3116181,100.0219276
2,DALYs (Disability-Adjusted Life Years),6,China,2,Female,27,Age-standardized,419,Liver cancer due to hepatitis C,3,Rate,1995,118.0668242,141.3478331,99.21759192
2,DALYs (Disability-Adjusted Life Years),6,China,2,Female,27,Age-standardized,419,Liver cancer due to hepatitis C,3,Rate,1996,115.6326569,137.469118,98.98508309
2,DALYs (Disability-Adjusted Life Years),6,China,2,Female,27,Age-standardized,419,Liver cancer due to hepatitis C,3,Rate,1997,111.4032775,129.3283828,96.26735522
2,DALYs (Disability-Adjusted Life Years),6,China,2,Female,27,Age-standardized,419,Liver cancer due to hepatitis C,3,Rate,1998,106.4292603,123.8025584,91.81835899
2,DALYs (Disability-Adjusted Life Years),6,China,2,Female,27,Age-standardized,419,Liver cancer due to hepatitis C,3,Rate,1999,101.2839827,116.7178867,86.68744742
2,DALYs (Disability-Adjusted Life Years),6,China,2,Female,27,Age-standardized,419,Liver cancer due to hepatitis C,3,Rate,2000,92.31552723,108.0877393,79.05932668
2,DALYs (Disability-Adjusted Life Years),6,China,2,Female,27,Age-standardized,419,Liver cancer due to hepatitis C,3,Rate,2001,79.6324705,94.39504622,67.89442043
2,DALYs (Disability-Adjusted Life Years),6,China,2,Female,27,Age-standardized,419,Liver cancer due to hepatitis C,3,Rate,2002,67.66081188,79.9104162,57.39429877
2,DALYs (Disability-Adjusted Life Years),6,China,2,Female,27,Age-standardized,419,Liver cancer due to hepatitis C,3,Rate,2003,57.05758341,66.41166455,48.53036448
2,DALYs (Disability-Adjusted Life Years),6,China,2,Female,27,Age-standardized,419,Liver cancer due to hepatitis C,3,Rate,2004,48.79013354,56.27322472,41.43836815
2,DALYs (Disability-Adjusted Life Years),6,China,2,Female,27,Age-standardized,419,Liver cancer due to hepatitis C,3,Rate,2005,44.71308853,51.23831363,38.50714109
2,DALYs (Disability-Adjusted Life Years),6,China,2,Female,27,Age-standardized,419,Liver cancer due to hepatitis C,3,Rate,2006,42.43865615,48.587795,36.62843541
2,DALYs (Disability-Adjusted Life Years),6,China,2,Female,27,Age-standardized,419,Liver cancer due to hepatitis C,3,Rate,2007,40.30395288,46.09863541,35.13483071
2,DALYs (Disability-Adjusted Life Years),6,China,2,Female,27,Age-standardized,419,Liver cancer due to hepatitis C,3,Rate,2008,39.9675756,45.46124628,34.70570621
2,DALYs (Disability-Adjusted Life Years),6,China,2,Female,27,Age-standardized,419,Liver cancer due to hepatitis C,3,Rate,2009,38.27552392,43.60059665,33.05801171
2,DALYs (Disability-Adjusted Life Years),6,China,2,Female,27,Age-standardized,419,Liver cancer due to hepatitis C,3,Rate,2010,36.66533525,42.11508378,31.47290463
2,DALYs (Disability-Adjusted Life Years),6,China,2,Female,27,Age-standardized,419,Liver cancer due to hepatitis C,3,Rate,2011,35.06043099,40.73790074,29.69583867
2,DALYs (Disability-Adjusted Life Years),6,China,2,Female,27,Age-standardized,419,Liver cancer due to hepatitis C,3,Rate,2012,33.73675968,38.76629075,28.98256067
2,DALYs (Disability-Adjusted Life Years),6,China,2,Female,27,Age-standardized,419,Liver cancer due to hepatitis C,3,Rate,2013,33.72504498,38.94313054,28.41201774
2,DALYs (Disability-Adjusted Life Years),6,China,2,Female,27,Age-standardized,419,Liver cancer due to hepatitis C,3,Rate,2014,34.36245251,40.19630294,29.05037768
2,DALYs (Disability-Adjusted Life Years),6,China,2,Female,27,Age-standardized,419,Liver cancer due to hepatitis C,3,Rate,2015,34.74617163,41.26660249,28.86540446
2,DALYs (Disability-Adjusted Life Years),6,China,2,Female,27,Age-standardized,419,Liver cancer due to hepatitis C,3,Rate,2016,34.95845373,41.65343823,28.89988636
2,DALYs (Disability-Adjusted Life Years),6,China,2,Female,27,Age-standardized,419,Liver cancer due to hepatitis C,3,Rate,2017,34.84678488,42.45251147,28.30784409
2,DALYs (Disability-Adjusted Life Years),6,China,2,Female,27,Age-standardized,419,Liver cancer due to hepatitis C,3,Rate,2018,34.52713657,42.44243281,27.39014068
2,DALYs (Disability-Adjusted Life Years),6,China,2,Female,27,Age-standardized,419,Liver cancer due to hepatitis C,3,Rate,2019,34.46423863,43.0361684,26.68021812
