measure_id,measure_name,location_id,location_name,sex_id,sex_name,age_id,age_name,cause_id,cause_name,metric_id,metric_name,year,val,upper,lower
2,DALYs (Disability-Adjusted Life Years),6,China,1,Male,27,Age-standardized,418,Liver cancer due to hepatitis B,3,Rate,1990,849.5264986,1043.706054,683.0401977
2,DALYs (Disability-Adjusted Life Years),6,China,1,Male,27,Age-standardized,418,Liver cancer due to hepatitis B,3,Rate,1991,876.950025,1061.511712,725.3854913
2,DALYs (Disability-Adjusted Life Years),6,China,1,Male,27,Age-standardized,418,Liver cancer due to hepatitis B,3,Rate,1992,899.6602131,1058.20054,758.7343744
2,DALYs (Disability-Adjusted Life Years),6,China,1,Male,27,Age-standardized,418,Liver cancer due to hepatitis B,3,Rate,1993,920.6106792,1084.748068,783.6031373
2,DALYs (Disability-Adjusted Life Years),6,China,1,Male,27,Age-standardized,418,Liver cancer due to hepatitis B,3,Rate,1994,937.6208631,1077.896361,807.5814353
2,DALYs (Disability-Adjusted Life Years),6,China,1,Male,27,Age-standardized,418,Liver cancer due to hepatitis B,3,Rate,1995,945.6658214,1079.958231,827.3813217
2,DALYs (Disability-Adjusted Life Years),6,China,1,Male,27,Age-standardized,418,Liver cancer due to hepatitis B,3,Rate,1996,941.6967332,1064.895499,831.5515271
2,DALYs (Disability-Adjusted Life Years),6,China,1,Male,27,Age-standardized,418,Liver cancer due to hepatitis B,3,Rate,1997,921.2587797,1045.370156,817.8134549
2,DALYs (Disability-Adjusted Life Years),6,China,1,Male,27,Age-standardized,418,Liver cancer due to hepatitis B,3,Rate,1998,896.1399539,1014.732379,796.1834471
2,DALYs (Disability-Adjusted Life Years),6,China,1,Male,27,Age-standardized,418,Liver cancer due to hepatitis B,3,Rate,1999,862.6768346,975.080364,763.8008831
2,DALYs (Disability-Adjusted Life Years),6,China,1,Male,27,Age-standardized,418,Liver cancer due to hepatitis B,3,Rate,2000,797.2781518,898.2370506,694.9822999
2,DALYs (Disability-Adjusted Life Years),6,China,1,Male,27,Age-standardized,418,Liver cancer due to hepatitis B,3,Rate,2001,693.2148101,788.0132815,596.9977432
2,DALYs (Disability-Adjusted Life Years),6,China,1,Male,27,Age-standardized,418,Liver cancer due to hepatitis B,3,Rate,2002,561.1087387,637.3442169,494.645427
2,DALYs (Disability-Adjusted Life Years),6,China,1,Male,27,Age-standardized,418,Liver cancer due to hepatitis B,3,Rate,2003,453.6967812,514.3128934,402.1768347
2,DALYs (Disability-Adjusted Life Years),6,China,1,Male,27,Age-standardized,418,Liver cancer due to hepatitis B,3,Rate,2004,378.5022746,428.2203878,336.7286795
2,DALYs (Disability-Adjusted Life Years),6,China,1,Male,27,Age-standardized,418,Liver cancer due to hepatitis B,3,Rate,2005,341.8844358,387.0222985,306.3861139
2,DALYs (Disability-Adjusted Life Years),6,China,1,Male,27,Age-standardized,418,Liver cancer due to hepatitis B,3,Rate,2006,324.1425946,362.9046269,289.4342194
2,DALYs (Disability-Adjusted Life Years),6,China,1,Male,27,Age-standardized,418,Liver cancer due to hepatitis B,3,Rate,2007,315.5383682,350.3607828,283.0677327
2,DALYs (Disability-Adjusted Life Years),6,China,1,Male,27,Age-standardized,418,Liver cancer due to hepatitis B,3,Rate,2008,317.3190367,353.4529713,284.6198948
2,DALYs (Disability-Adjusted Life Years),6,China,1,Male,27,Age-standardized,418,Liver cancer due to hepatitis B,3,Rate,2009,308.1030546,349.6487589,272.8334746
2,DALYs (Disability-Adjusted Life Years),6,China,1,Male,27,Age-standardized,418,Liver cancer due to hepatitis B,3,Rate,2010,298.6857819,344.3068864,264.3883222
2,DALYs (Disability-Adjusted Life Years),6,China,1,Male,27,Age-standardized,418,Liver cancer due to hepatitis B,3,Rate,2011,288.3657738,331.059687,251.9411388
2,DALYs (Disability-Adjusted Life Years),6,China,1,Male,27,Age-standardized,418,Liver cancer due to hepatitis B,3,Rate,2012,285.0110535,326.1659594,249.0506865
2,DALYs (Disability-Adjusted Life Years),6,China,1,Male,27,Age-standardized,418,Liver cancer due to hepatitis B,3,Rate,2013,288.3514178,336.2293392,248.2524703
2,DALYs (Disability-Adjusted Life Years),6,China,1,Male,27,Age-standardized,418,Liver cancer due to hepatitis B,3,Rate,2014,297.4563186,344.6535286,253.1070701
2,DALYs (Disability-Adjusted Life Years),6,China,1,Male,27,Age-standardized,418,Liver cancer due to hepatitis B,3,Rate,2015,304.3782748,357.8394203,257.9056909
2,DALYs (Disability-Adjusted Life Years),6,China,1,Male,27,Age-standardized,418,Liver cancer due to hepatitis B,3,Rate,2016,309.7289915,366.4491752,256.5246062
2,DALYs (Disability-Adjusted Life Years),6,China,1,Male,27,Age-standardized,418,Liver cancer due to hepatitis B,3,Rate,2017,312.0886254,377.1914332,257.7280465
2,DALYs (Disability-Adjusted Life Years),6,China,1,Male,27,Age-standardized,418,Liver cancer due to hepatitis B,3,Rate,2018,311.7162043,379.4876506,249.8013531
2,DALYs (Disability-Adjusted Life Years),6,China,1,Male,27,Age-standardized,418,Liver cancer due to hepatitis B,3,Rate,2019,312.4985087,391.1836924,243.2896988
