measure_id,measure_name,location_id,location_name,sex_id,sex_name,age_id,age_name,cause_id,cause_name,metric_id,metric_name,year,val,upper,lower
2,DALYs (Disability-Adjusted Life Years),6,China,1,Male,27,Age-standardized,420,Liver cancer due to alcohol use,3,Rate,1990,74.42465465,101.4179809,53.4635162
2,DALYs (Disability-Adjusted Life Years),6,China,1,Male,27,Age-standardized,420,Liver cancer due to alcohol use,3,Rate,1991,76.37661655,102.9599725,56.27196935
2,DALYs (Disability-Adjusted Life Years),6,China,1,Male,27,Age-standardized,420,Liver cancer due to alcohol use,3,Rate,1992,77.63472261,103.048365,57.87163795
2,DALYs (Disability-Adjusted Life Years),6,China,1,Male,27,Age-standardized,420,Liver cancer due to alcohol use,3,Rate,1993,78.93906427,103.0805396,58.86503782
2,DALYs (Disability-Adjusted Life Years),6,China,1,Male,27,Age-standardized,420,Liver cancer due to alcohol use,3,Rate,1994,80.0155536,104.8054377,59.97315488
2,DALYs (Disability-Adjusted Life Years),6,China,1,Male,27,Age-standardized,420,Liver cancer due to alcohol use,3,Rate,1995,80.41063513,104.0242124,60.02654195
2,DALYs (Disability-Adjusted Life Years),6,China,1,Male,27,Age-standardized,420,Liver cancer due to alcohol use,3,Rate,1996,79.70869474,103.7850307,60.97749906
2,DALYs (Disability-Adjusted Life Years),6,China,1,Male,27,Age-standardized,420,Liver cancer due to alcohol use,3,Rate,1997,77.56014068,98.33351568,60.31277963
2,DALYs (Disability-Adjusted Life Years),6,China,1,Male,27,Age-standardized,420,Liver cancer due to alcohol use,3,Rate,1998,74.98936042,96.85266275,58.35642945
2,DALYs (Disability-Adjusted Life Years),6,China,1,Male,27,Age-standardized,420,Liver cancer due to alcohol use,3,Rate,1999,71.68632583,90.61393291,54.13090233
2,DALYs (Disability-Adjusted Life Years),6,China,1,Male,27,Age-standardized,420,Liver cancer due to alcohol use,3,Rate,2000,66.3009831,85.22011646,50.53969225
2,DALYs (Disability-Adjusted Life Years),6,China,1,Male,27,Age-standardized,420,Liver cancer due to alcohol use,3,Rate,2001,57.81865346,73.85568332,43.8687116
2,DALYs (Disability-Adjusted Life Years),6,China,1,Male,27,Age-standardized,420,Liver cancer due to alcohol use,3,Rate,2002,47.02315352,59.96563818,36.07577815
2,DALYs (Disability-Adjusted Life Years),6,China,1,Male,27,Age-standardized,420,Liver cancer due to alcohol use,3,Rate,2003,38.23835188,49.17836206,29.1135198
2,DALYs (Disability-Adjusted Life Years),6,China,1,Male,27,Age-standardized,420,Liver cancer due to alcohol use,3,Rate,2004,32.14803288,41.01395034,24.83444421
2,DALYs (Disability-Adjusted Life Years),6,China,1,Male,27,Age-standardized,420,Liver cancer due to alcohol use,3,Rate,2005,29.35137643,37.41525542,22.47218664
2,DALYs (Disability-Adjusted Life Years),6,China,1,Male,27,Age-standardized,420,Liver cancer due to alcohol use,3,Rate,2006,27.95901047,35.95958843,21.62005461
2,DALYs (Disability-Adjusted Life Years),6,China,1,Male,27,Age-standardized,420,Liver cancer due to alcohol use,3,Rate,2007,27.31707132,35.37390681,21.22784911
2,DALYs (Disability-Adjusted Life Years),6,China,1,Male,27,Age-standardized,420,Liver cancer due to alcohol use,3,Rate,2008,27.60594365,35.533164,21.22151492
2,DALYs (Disability-Adjusted Life Years),6,China,1,Male,27,Age-standardized,420,Liver cancer due to alcohol use,3,Rate,2009,26.91743674,34.24208141,20.67262731
2,DALYs (Disability-Adjusted Life Years),6,China,1,Male,27,Age-standardized,420,Liver cancer due to alcohol use,3,Rate,2010,26.2246949,33.87847542,20.3474103
2,DALYs (Disability-Adjusted Life Years),6,China,1,Male,27,Age-standardized,420,Liver cancer due to alcohol use,3,Rate,2011,25.59431591,33.04887619,19.51269185
2,DALYs (Disability-Adjusted Life Years),6,China,1,Male,27,Age-standardized,420,Liver cancer due to alcohol use,3,Rate,2012,25.77219203,33.39070059,19.41189207
2,DALYs (Disability-Adjusted Life Years),6,China,1,Male,27,Age-standardized,420,Liver cancer due to alcohol use,3,Rate,2013,26.58224859,34.37015301,20.23904814
2,DALYs (Disability-Adjusted Life Years),6,China,1,Male,27,Age-standardized,420,Liver cancer due to alcohol use,3,Rate,2014,28.00833246,36.52819528,21.27116466
2,DALYs (Disability-Adjusted Life Years),6,China,1,Male,27,Age-standardized,420,Liver cancer due to alcohol use,3,Rate,2015,29.26938507,37.7259922,22.11674824
2,DALYs (Disability-Adjusted Life Years),6,China,1,Male,27,Age-standardized,420,Liver cancer due to alcohol use,3,Rate,2016,30.89512345,41.0181167,22.87517284
2,DALYs (Disability-Adjusted Life Years),6,China,1,Male,27,Age-standardized,420,Liver cancer due to alcohol use,3,Rate,2017,31.97938722,41.98113841,23.44006958
2,DALYs (Disability-Adjusted Life Years),6,China,1,Male,27,Age-standardized,420,Liver cancer due to alcohol use,3,Rate,2018,31.94284936,42.64341445,23.27208578
2,DALYs (Disability-Adjusted Life Years),6,China,1,Male,27,Age-standardized,420,Liver cancer due to alcohol use,3,Rate,2019,31.92433728,42.80637721,22.72505747
