measure_id,measure_name,location_id,location_name,sex_id,sex_name,age_id,age_name,cause_id,cause_name,metric_id,metric_name,year,val,upper,lower
2,DALYs (Disability-Adjusted Life Years),6,China,2,Female,27,Age-standardized,1021,Liver cancer due to other causes,3,Rate,1990,63.86751961,79.56735885,50.95700656
2,DALYs (Disability-Adjusted Life Years),6,China,2,Female,27,Age-standardized,1021,Liver cancer due to other causes,3,Rate,1991,63.99691257,80.52704769,51.68839323
2,DALYs (Disability-Adjusted Life Years),6,China,2,Female,27,Age-standardized,1021,Liver cancer due to other causes,3,Rate,1992,64.12549529,78.89233161,52.41575964
2,DALYs (Disability-Adjusted Life Years),6,China,2,Female,27,Age-standardized,1021,Liver cancer due to other causes,3,Rate,1993,64.65663464,77.55999786,53.66698046
2,DALYs (Disability-Adjusted Life Years),6,China,2,Female,27,Age-standardized,1021,Liver cancer due to other causes,3,Rate,1994,67.38813487,80.07816748,56.37745993
2,DALYs (Disability-Adjusted Life Years),6,China,2,Female,27,Age-standardized,1021,Liver cancer due to other causes,3,Rate,1995,68.44262538,82.05183243,58.09467165
2,DALYs (Disability-Adjusted Life Years),6,China,2,Female,27,Age-standardized,1021,Liver cancer due to other causes,3,Rate,1996,67.40961294,79.12393005,58.20338575
2,DALYs (Disability-Adjusted Life Years),6,China,2,Female,27,Age-standardized,1021,Liver cancer due to other causes,3,Rate,1997,65.28407007,75.10433035,56.47077411
2,DALYs (Disability-Adjusted Life Years),6,China,2,Female,27,Age-standardized,1021,Liver cancer due to other causes,3,Rate,1998,62.80724818,71.682867,54.00043517
2,DALYs (Disability-Adjusted Life Years),6,China,2,Female,27,Age-standardized,1021,Liver cancer due to other causes,3,Rate,1999,59.58839686,69.07281987,51.02590027
2,DALYs (Disability-Adjusted Life Years),6,China,2,Female,27,Age-standardized,1021,Liver cancer due to other causes,3,Rate,2000,53.85475886,61.97140793,46.55910862
2,DALYs (Disability-Adjusted Life Years),6,China,2,Female,27,Age-standardized,1021,Liver cancer due to other causes,3,Rate,2001,45.88587755,53.99541498,39.35137032
2,DALYs (Disability-Adjusted Life Years),6,China,2,Female,27,Age-standardized,1021,Liver cancer due to other causes,3,Rate,2002,36.82420491,43.62804716,31.59816671
2,DALYs (Disability-Adjusted Life Years),6,China,2,Female,27,Age-standardized,1021,Liver cancer due to other causes,3,Rate,2003,29.61473182,34.6786854,25.6098157
2,DALYs (Disability-Adjusted Life Years),6,China,2,Female,27,Age-standardized,1021,Liver cancer due to other causes,3,Rate,2004,25.03985127,29.25208963,21.75610139
2,DALYs (Disability-Adjusted Life Years),6,China,2,Female,27,Age-standardized,1021,Liver cancer due to other causes,3,Rate,2005,22.56257044,26.47243514,19.46672892
2,DALYs (Disability-Adjusted Life Years),6,China,2,Female,27,Age-standardized,1021,Liver cancer due to other causes,3,Rate,2006,21.15156992,24.31605642,18.24646696
2,DALYs (Disability-Adjusted Life Years),6,China,2,Female,27,Age-standardized,1021,Liver cancer due to other causes,3,Rate,2007,19.95681595,23.08718072,17.28152206
2,DALYs (Disability-Adjusted Life Years),6,China,2,Female,27,Age-standardized,1021,Liver cancer due to other causes,3,Rate,2008,19.80187998,22.72266959,17.18725812
2,DALYs (Disability-Adjusted Life Years),6,China,2,Female,27,Age-standardized,1021,Liver cancer due to other causes,3,Rate,2009,19.28455956,22.46177069,16.75920608
2,DALYs (Disability-Adjusted Life Years),6,China,2,Female,27,Age-standardized,1021,Liver cancer due to other causes,3,Rate,2010,18.7538292,21.43727639,16.29319048
2,DALYs (Disability-Adjusted Life Years),6,China,2,Female,27,Age-standardized,1021,Liver cancer due to other causes,3,Rate,2011,18.08710379,20.7959904,15.51032294
2,DALYs (Disability-Adjusted Life Years),6,China,2,Female,27,Age-standardized,1021,Liver cancer due to other causes,3,Rate,2012,17.2737872,20.13493071,14.87996155
2,DALYs (Disability-Adjusted Life Years),6,China,2,Female,27,Age-standardized,1021,Liver cancer due to other causes,3,Rate,2013,17.01870018,19.54134216,14.69445083
2,DALYs (Disability-Adjusted Life Years),6,China,2,Female,27,Age-standardized,1021,Liver cancer due to other causes,3,Rate,2014,17.01713015,19.71090101,14.64569181
2,DALYs (Disability-Adjusted Life Years),6,China,2,Female,27,Age-standardized,1021,Liver cancer due to other causes,3,Rate,2015,16.91873245,19.9443671,14.26661458
2,DALYs (Disability-Adjusted Life Years),6,China,2,Female,27,Age-standardized,1021,Liver cancer due to other causes,3,Rate,2016,17.11964434,20.34355603,14.43066044
2,DALYs (Disability-Adjusted Life Years),6,China,2,Female,27,Age-standardized,1021,Liver cancer due to other causes,3,Rate,2017,17.19407708,20.63680473,14.11478455
2,DALYs (Disability-Adjusted Life Years),6,China,2,Female,27,Age-standardized,1021,Liver cancer due to other causes,3,Rate,2018,16.82839303,20.46762932,13.81780869
2,DALYs (Disability-Adjusted Life Years),6,China,2,Female,27,Age-standardized,1021,Liver cancer due to other causes,3,Rate,2019,16.4114585,20.49153417,13.05114703
