measure_id,measure_name,location_id,location_name,sex_id,sex_name,age_id,age_name,cause_id,cause_name,metric_id,metric_name,year,val,upper,lower
2,DALYs (Disability-Adjusted Life Years),6,China,2,Female,27,Age-standardized,996,Liver cancer due to NASH,3,Rate,1990,27.98633137,36.07990353,21.44346019
2,DALYs (Disability-Adjusted Life Years),6,China,2,Female,27,Age-standardized,996,Liver cancer due to NASH,3,Rate,1991,28.22045174,36.1110776,21.92575467
2,DALYs (Disability-Adjusted Life Years),6,China,2,Female,27,Age-standardized,996,Liver cancer due to NASH,3,Rate,1992,28.44964986,35.80495912,22.20590081
2,DALYs (Disability-Adjusted Life Years),6,China,2,Female,27,Age-standardized,996,Liver cancer due to NASH,3,Rate,1993,28.68297205,35.85302471,22.58914916
2,DALYs (Disability-Adjusted Life Years),6,China,2,Female,27,Age-standardized,996,Liver cancer due to NASH,3,Rate,1994,29.06930623,35.91045233,23.28586281
2,DALYs (Disability-Adjusted Life Years),6,China,2,Female,27,Age-standardized,996,Liver cancer due to NASH,3,Rate,1995,29.0224773,35.83802477,23.7358573
2,DALYs (Disability-Adjusted Life Years),6,China,2,Female,27,Age-standardized,996,Liver cancer due to NASH,3,Rate,1996,28.70029356,34.81162372,23.55765713
2,DALYs (Disability-Adjusted Life Years),6,China,2,Female,27,Age-standardized,996,Liver cancer due to NASH,3,Rate,1997,28.04770318,33.23137691,23.07130465
2,DALYs (Disability-Adjusted Life Years),6,China,2,Female,27,Age-standardized,996,Liver cancer due to NASH,3,Rate,1998,27.25799178,32.79106903,22.55616746
2,DALYs (Disability-Adjusted Life Years),6,China,2,Female,27,Age-standardized,996,Liver cancer due to NASH,3,Rate,1999,26.27436775,31.31537384,21.87364729
2,DALYs (Disability-Adjusted Life Years),6,China,2,Female,27,Age-standardized,996,Liver cancer due to NASH,3,Rate,2000,24.09387149,29.1186209,19.84559155
2,DALYs (Disability-Adjusted Life Years),6,China,2,Female,27,Age-standardized,996,Liver cancer due to NASH,3,Rate,2001,20.7489794,25.17942898,16.87216668
2,DALYs (Disability-Adjusted Life Years),6,China,2,Female,27,Age-standardized,996,Liver cancer due to NASH,3,Rate,2002,17.21609238,20.83388332,14.17954466
2,DALYs (Disability-Adjusted Life Years),6,China,2,Female,27,Age-standardized,996,Liver cancer due to NASH,3,Rate,2003,14.20405361,17.07905895,11.7146039
2,DALYs (Disability-Adjusted Life Years),6,China,2,Female,27,Age-standardized,996,Liver cancer due to NASH,3,Rate,2004,12.02640823,14.34241934,9.893239554
2,DALYs (Disability-Adjusted Life Years),6,China,2,Female,27,Age-standardized,996,Liver cancer due to NASH,3,Rate,2005,10.92548758,13.07827314,9.094242471
2,DALYs (Disability-Adjusted Life Years),6,China,2,Female,27,Age-standardized,996,Liver cancer due to NASH,3,Rate,2006,10.36894656,12.33963601,8.630273196
2,DALYs (Disability-Adjusted Life Years),6,China,2,Female,27,Age-standardized,996,Liver cancer due to NASH,3,Rate,2007,9.957734321,11.88434836,8.315189644
2,DALYs (Disability-Adjusted Life Years),6,China,2,Female,27,Age-standardized,996,Liver cancer due to NASH,3,Rate,2008,10.0183353,11.87628259,8.366743909
2,DALYs (Disability-Adjusted Life Years),6,China,2,Female,27,Age-standardized,996,Liver cancer due to NASH,3,Rate,2009,9.797569225,11.58726276,8.108102943
2,DALYs (Disability-Adjusted Life Years),6,China,2,Female,27,Age-standardized,996,Liver cancer due to NASH,3,Rate,2010,9.570373583,11.43057269,7.971807318
2,DALYs (Disability-Adjusted Life Years),6,China,2,Female,27,Age-standardized,996,Liver cancer due to NASH,3,Rate,2011,9.3130805,11.2680273,7.659271471
2,DALYs (Disability-Adjusted Life Years),6,China,2,Female,27,Age-standardized,996,Liver cancer due to NASH,3,Rate,2012,9.103297236,10.94713187,7.59024452
2,DALYs (Disability-Adjusted Life Years),6,China,2,Female,27,Age-standardized,996,Liver cancer due to NASH,3,Rate,2013,9.211663016,10.85939521,7.640616536
2,DALYs (Disability-Adjusted Life Years),6,China,2,Female,27,Age-standardized,996,Liver cancer due to NASH,3,Rate,2014,9.469309583,11.38904577,7.778840755
2,DALYs (Disability-Adjusted Life Years),6,China,2,Female,27,Age-standardized,996,Liver cancer due to NASH,3,Rate,2015,9.643583966,11.59969868,7.840805803
2,DALYs (Disability-Adjusted Life Years),6,China,2,Female,27,Age-standardized,996,Liver cancer due to NASH,3,Rate,2016,9.83404856,12.04314019,7.640048084
2,DALYs (Disability-Adjusted Life Years),6,China,2,Female,27,Age-standardized,996,Liver cancer due to NASH,3,Rate,2017,9.90512484,12.46836034,7.825765257
2,DALYs (Disability-Adjusted Life Years),6,China,2,Female,27,Age-standardized,996,Liver cancer due to NASH,3,Rate,2018,9.824416258,12.50744419,7.724717948
2,DALYs (Disability-Adjusted Life Years),6,China,2,Female,27,Age-standardized,996,Liver cancer due to NASH,3,Rate,2019,9.74787244,12.59977309,7.496488343
