measure_id,measure_name,location_id,location_name,sex_id,sex_name,age_id,age_name,cause_id,cause_name,metric_id,metric_name,year,val,upper,lower
2,DALYs (Disability-Adjusted Life Years),6,China,2,Female,27,Age-standardized,418,Liver cancer due to hepatitis B,3,Rate,1990,177.1855574,224.4828493,137.6141461
2,DALYs (Disability-Adjusted Life Years),6,China,2,Female,27,Age-standardized,418,Liver cancer due to hepatitis B,3,Rate,1991,177.4131035,223.5405136,138.9022921
2,DALYs (Disability-Adjusted Life Years),6,China,2,Female,27,Age-standardized,418,Liver cancer due to hepatitis B,3,Rate,1992,177.5167593,218.3775505,142.5919338
2,DALYs (Disability-Adjusted Life Years),6,China,2,Female,27,Age-standardized,418,Liver cancer due to hepatitis B,3,Rate,1993,177.7159142,216.8632402,146.3347296
2,DALYs (Disability-Adjusted Life Years),6,China,2,Female,27,Age-standardized,418,Liver cancer due to hepatitis B,3,Rate,1994,180.6439975,216.1693167,149.8289958
2,DALYs (Disability-Adjusted Life Years),6,China,2,Female,27,Age-standardized,418,Liver cancer due to hepatitis B,3,Rate,1995,180.2288637,211.0150622,150.7602207
2,DALYs (Disability-Adjusted Life Years),6,China,2,Female,27,Age-standardized,418,Liver cancer due to hepatitis B,3,Rate,1996,176.8918454,207.5369526,149.8125971
2,DALYs (Disability-Adjusted Life Years),6,China,2,Female,27,Age-standardized,418,Liver cancer due to hepatitis B,3,Rate,1997,171.0655701,198.3564063,145.5440519
2,DALYs (Disability-Adjusted Life Years),6,China,2,Female,27,Age-standardized,418,Liver cancer due to hepatitis B,3,Rate,1998,164.6512896,191.4384144,141.153548
2,DALYs (Disability-Adjusted Life Years),6,China,2,Female,27,Age-standardized,418,Liver cancer due to hepatitis B,3,Rate,1999,156.9769596,182.4825207,134.0986864
2,DALYs (Disability-Adjusted Life Years),6,China,2,Female,27,Age-standardized,418,Liver cancer due to hepatitis B,3,Rate,2000,142.7236876,166.0486867,122.4718434
2,DALYs (Disability-Adjusted Life Years),6,China,2,Female,27,Age-standardized,418,Liver cancer due to hepatitis B,3,Rate,2001,122.3939404,142.4203519,104.8134314
2,DALYs (Disability-Adjusted Life Years),6,China,2,Female,27,Age-standardized,418,Liver cancer due to hepatitis B,3,Rate,2002,100.5748313,118.7662746,85.10630699
2,DALYs (Disability-Adjusted Life Years),6,China,2,Female,27,Age-standardized,418,Liver cancer due to hepatitis B,3,Rate,2003,82.33387825,95.6360017,69.98960359
2,DALYs (Disability-Adjusted Life Years),6,China,2,Female,27,Age-standardized,418,Liver cancer due to hepatitis B,3,Rate,2004,69.78943867,81.42744973,59.31136994
2,DALYs (Disability-Adjusted Life Years),6,China,2,Female,27,Age-standardized,418,Liver cancer due to hepatitis B,3,Rate,2005,63.14101834,72.66267325,54.02741546
2,DALYs (Disability-Adjusted Life Years),6,China,2,Female,27,Age-standardized,418,Liver cancer due to hepatitis B,3,Rate,2006,59.26362629,69.13321125,50.7406682
2,DALYs (Disability-Adjusted Life Years),6,China,2,Female,27,Age-standardized,418,Liver cancer due to hepatitis B,3,Rate,2007,55.76403471,63.99270359,48.17841528
2,DALYs (Disability-Adjusted Life Years),6,China,2,Female,27,Age-standardized,418,Liver cancer due to hepatitis B,3,Rate,2008,54.79378419,62.67498178,47.42391918
2,DALYs (Disability-Adjusted Life Years),6,China,2,Female,27,Age-standardized,418,Liver cancer due to hepatitis B,3,Rate,2009,52.2361879,61.11897042,45.38900099
2,DALYs (Disability-Adjusted Life Years),6,China,2,Female,27,Age-standardized,418,Liver cancer due to hepatitis B,3,Rate,2010,49.87521808,57.7264708,42.23400432
2,DALYs (Disability-Adjusted Life Years),6,China,2,Female,27,Age-standardized,418,Liver cancer due to hepatitis B,3,Rate,2011,47.45144057,55.4882061,40.14848379
2,DALYs (Disability-Adjusted Life Years),6,China,2,Female,27,Age-standardized,418,Liver cancer due to hepatitis B,3,Rate,2012,45.11154613,52.70318637,38.5002553
2,DALYs (Disability-Adjusted Life Years),6,China,2,Female,27,Age-standardized,418,Liver cancer due to hepatitis B,3,Rate,2013,44.36810011,51.80929033,37.47697525
2,DALYs (Disability-Adjusted Life Years),6,China,2,Female,27,Age-standardized,418,Liver cancer due to hepatitis B,3,Rate,2014,44.48991357,52.481121,37.37801023
2,DALYs (Disability-Adjusted Life Years),6,China,2,Female,27,Age-standardized,418,Liver cancer due to hepatitis B,3,Rate,2015,44.55975108,53.09074208,36.88756472
2,DALYs (Disability-Adjusted Life Years),6,China,2,Female,27,Age-standardized,418,Liver cancer due to hepatitis B,3,Rate,2016,44.97161115,54.68653772,36.8408797
2,DALYs (Disability-Adjusted Life Years),6,China,2,Female,27,Age-standardized,418,Liver cancer due to hepatitis B,3,Rate,2017,44.934769,54.57058127,36.1410521
2,DALYs (Disability-Adjusted Life Years),6,China,2,Female,27,Age-standardized,418,Liver cancer due to hepatitis B,3,Rate,2018,44.43185519,56.03504233,34.27677838
2,DALYs (Disability-Adjusted Life Years),6,China,2,Female,27,Age-standardized,418,Liver cancer due to hepatitis B,3,Rate,2019,44.01718641,56.5670308,33.90679251
