measure_id,measure_name,location_id,location_name,sex_id,sex_name,age_id,age_name,cause_id,cause_name,metric_id,metric_name,year,val,upper,lower
2,DALYs (Disability-Adjusted Life Years),6,China,1,Male,27,Age-standardized,1021,Liver cancer due to other causes,3,Rate,1990,58.9649364,74.00543551,46.35003032
2,DALYs (Disability-Adjusted Life Years),6,China,1,Male,27,Age-standardized,1021,Liver cancer due to other causes,3,Rate,1991,60.38665486,74.45925354,49.03074449
2,DALYs (Disability-Adjusted Life Years),6,China,1,Male,27,Age-standardized,1021,Liver cancer due to other causes,3,Rate,1992,61.58739252,76.63589405,50.42019616
2,DALYs (Disability-Adjusted Life Years),6,China,1,Male,27,Age-standardized,1021,Liver cancer due to other causes,3,Rate,1993,62.86070226,75.4520572,51.55237736
2,DALYs (Disability-Adjusted Life Years),6,China,1,Male,27,Age-standardized,1021,Liver cancer due to other causes,3,Rate,1994,64.21649917,76.47443516,53.9017463
2,DALYs (Disability-Adjusted Life Years),6,China,1,Male,27,Age-standardized,1021,Liver cancer due to other causes,3,Rate,1995,64.69549208,76.13110055,54.9090319
2,DALYs (Disability-Adjusted Life Years),6,China,1,Male,27,Age-standardized,1021,Liver cancer due to other causes,3,Rate,1996,64.02007746,75.61496074,54.41770913
2,DALYs (Disability-Adjusted Life Years),6,China,1,Male,27,Age-standardized,1021,Liver cancer due to other causes,3,Rate,1997,62.13606309,72.66197848,52.92623991
2,DALYs (Disability-Adjusted Life Years),6,China,1,Male,27,Age-standardized,1021,Liver cancer due to other causes,3,Rate,1998,59.95421021,69.49658392,51.07629934
2,DALYs (Disability-Adjusted Life Years),6,China,1,Male,27,Age-standardized,1021,Liver cancer due to other causes,3,Rate,1999,57.28753589,67.18424859,48.42492911
2,DALYs (Disability-Adjusted Life Years),6,China,1,Male,27,Age-standardized,1021,Liver cancer due to other causes,3,Rate,2000,52.57352726,61.32173098,44.27218304
2,DALYs (Disability-Adjusted Life Years),6,China,1,Male,27,Age-standardized,1021,Liver cancer due to other causes,3,Rate,2001,45.50720039,53.66431927,37.62090399
2,DALYs (Disability-Adjusted Life Years),6,China,1,Male,27,Age-standardized,1021,Liver cancer due to other causes,3,Rate,2002,36.71188996,43.59371288,31.43605157
2,DALYs (Disability-Adjusted Life Years),6,China,1,Male,27,Age-standardized,1021,Liver cancer due to other causes,3,Rate,2003,29.83855263,34.84423493,25.4996925
2,DALYs (Disability-Adjusted Life Years),6,China,1,Male,27,Age-standardized,1021,Liver cancer due to other causes,3,Rate,2004,25.08971427,29.38861986,21.56044917
2,DALYs (Disability-Adjusted Life Years),6,China,1,Male,27,Age-standardized,1021,Liver cancer due to other causes,3,Rate,2005,22.75398702,26.7327401,19.64139101
2,DALYs (Disability-Adjusted Life Years),6,China,1,Male,27,Age-standardized,1021,Liver cancer due to other causes,3,Rate,2006,21.52068997,25.22647115,18.57464412
2,DALYs (Disability-Adjusted Life Years),6,China,1,Male,27,Age-standardized,1021,Liver cancer due to other causes,3,Rate,2007,20.7556965,24.13446203,17.82983267
2,DALYs (Disability-Adjusted Life Years),6,China,1,Male,27,Age-standardized,1021,Liver cancer due to other causes,3,Rate,2008,20.79764244,24.33617808,17.93565039
2,DALYs (Disability-Adjusted Life Years),6,China,1,Male,27,Age-standardized,1021,Liver cancer due to other causes,3,Rate,2009,20.31717549,24.20342083,17.32843224
2,DALYs (Disability-Adjusted Life Years),6,China,1,Male,27,Age-standardized,1021,Liver cancer due to other causes,3,Rate,2010,19.82415834,23.5507354,16.95016542
2,DALYs (Disability-Adjusted Life Years),6,China,1,Male,27,Age-standardized,1021,Liver cancer due to other causes,3,Rate,2011,19.2829095,22.87310593,16.5663086
2,DALYs (Disability-Adjusted Life Years),6,China,1,Male,27,Age-standardized,1021,Liver cancer due to other causes,3,Rate,2012,19.22052242,22.6553032,16.44550524
2,DALYs (Disability-Adjusted Life Years),6,China,1,Male,27,Age-standardized,1021,Liver cancer due to other causes,3,Rate,2013,19.5480111,23.18310995,16.65369452
2,DALYs (Disability-Adjusted Life Years),6,China,1,Male,27,Age-standardized,1021,Liver cancer due to other causes,3,Rate,2014,20.27523126,24.20744406,17.04178802
2,DALYs (Disability-Adjusted Life Years),6,China,1,Male,27,Age-standardized,1021,Liver cancer due to other causes,3,Rate,2015,20.81817094,24.83226562,17.41805751
2,DALYs (Disability-Adjusted Life Years),6,China,1,Male,27,Age-standardized,1021,Liver cancer due to other causes,3,Rate,2016,21.20279098,25.69511483,17.48597687
2,DALYs (Disability-Adjusted Life Years),6,China,1,Male,27,Age-standardized,1021,Liver cancer due to other causes,3,Rate,2017,21.40414329,25.93109845,17.29826393
2,DALYs (Disability-Adjusted Life Years),6,China,1,Male,27,Age-standardized,1021,Liver cancer due to other causes,3,Rate,2018,21.31468684,26.38525873,17.12849741
2,DALYs (Disability-Adjusted Life Years),6,China,1,Male,27,Age-standardized,1021,Liver cancer due to other causes,3,Rate,2019,21.27807722,26.58901537,16.7291896
