measure_id,measure_name,location_id,location_name,sex_id,sex_name,age_id,age_name,cause_id,cause_name,metric_id,metric_name,year,val,upper,lower
2,DALYs (Disability-Adjusted Life Years),6,China,1,Male,27,Age-standardized,996,Liver cancer due to NASH,3,Rate,1990,26.59693963,34.05322543,20.63816306
2,DALYs (Disability-Adjusted Life Years),6,China,1,Male,27,Age-standardized,996,Liver cancer due to NASH,3,Rate,1991,27.47499618,34.64861799,21.57212609
2,DALYs (Disability-Adjusted Life Years),6,China,1,Male,27,Age-standardized,996,Liver cancer due to NASH,3,Rate,1992,28.18796523,35.09285619,22.22736933
2,DALYs (Disability-Adjusted Life Years),6,China,1,Male,27,Age-standardized,996,Liver cancer due to NASH,3,Rate,1993,28.90231672,36.31165647,22.99208036
2,DALYs (Disability-Adjusted Life Years),6,China,1,Male,27,Age-standardized,996,Liver cancer due to NASH,3,Rate,1994,29.56603119,35.9297428,23.97714016
2,DALYs (Disability-Adjusted Life Years),6,China,1,Male,27,Age-standardized,996,Liver cancer due to NASH,3,Rate,1995,29.94616615,36.31253659,24.22936293
2,DALYs (Disability-Adjusted Life Years),6,China,1,Male,27,Age-standardized,996,Liver cancer due to NASH,3,Rate,1996,30.05663405,36.67495781,24.55800719
2,DALYs (Disability-Adjusted Life Years),6,China,1,Male,27,Age-standardized,996,Liver cancer due to NASH,3,Rate,1997,29.67017435,35.26205838,24.1714384
2,DALYs (Disability-Adjusted Life Years),6,China,1,Male,27,Age-standardized,996,Liver cancer due to NASH,3,Rate,1998,29.10913702,34.99159343,24.07605622
2,DALYs (Disability-Adjusted Life Years),6,China,1,Male,27,Age-standardized,996,Liver cancer due to NASH,3,Rate,1999,28.19206271,33.79639837,23.10061113
2,DALYs (Disability-Adjusted Life Years),6,China,1,Male,27,Age-standardized,996,Liver cancer due to NASH,3,Rate,2000,26.21077149,31.35867951,21.25485809
2,DALYs (Disability-Adjusted Life Years),6,China,1,Male,27,Age-standardized,996,Liver cancer due to NASH,3,Rate,2001,22.92613965,27.71185687,18.68252516
2,DALYs (Disability-Adjusted Life Years),6,China,1,Male,27,Age-standardized,996,Liver cancer due to NASH,3,Rate,2002,18.6506655,22.47175051,15.16302652
2,DALYs (Disability-Adjusted Life Years),6,China,1,Male,27,Age-standardized,996,Liver cancer due to NASH,3,Rate,2003,15.16428166,18.17118492,12.32593627
2,DALYs (Disability-Adjusted Life Years),6,China,1,Male,27,Age-standardized,996,Liver cancer due to NASH,3,Rate,2004,12.73020305,15.29546594,10.39119037
2,DALYs (Disability-Adjusted Life Years),6,China,1,Male,27,Age-standardized,996,Liver cancer due to NASH,3,Rate,2005,11.60683416,14.00622055,9.537415484
2,DALYs (Disability-Adjusted Life Years),6,China,1,Male,27,Age-standardized,996,Liver cancer due to NASH,3,Rate,2006,11.0315134,13.17329119,9.20724243
2,DALYs (Disability-Adjusted Life Years),6,China,1,Male,27,Age-standardized,996,Liver cancer due to NASH,3,Rate,2007,10.74334752,12.75952399,8.900542319
2,DALYs (Disability-Adjusted Life Years),6,China,1,Male,27,Age-standardized,996,Liver cancer due to NASH,3,Rate,2008,10.80286887,12.99781214,8.88236486
2,DALYs (Disability-Adjusted Life Years),6,China,1,Male,27,Age-standardized,996,Liver cancer due to NASH,3,Rate,2009,10.51814343,12.62564544,8.658444923
2,DALYs (Disability-Adjusted Life Years),6,China,1,Male,27,Age-standardized,996,Liver cancer due to NASH,3,Rate,2010,10.25203708,12.59402197,8.412532306
2,DALYs (Disability-Adjusted Life Years),6,China,1,Male,27,Age-standardized,996,Liver cancer due to NASH,3,Rate,2011,10.0371401,12.20876165,8.207230979
2,DALYs (Disability-Adjusted Life Years),6,China,1,Male,27,Age-standardized,996,Liver cancer due to NASH,3,Rate,2012,10.18879673,12.46131156,8.298618366
2,DALYs (Disability-Adjusted Life Years),6,China,1,Male,27,Age-standardized,996,Liver cancer due to NASH,3,Rate,2013,10.63149406,13.06875791,8.648694008
2,DALYs (Disability-Adjusted Life Years),6,China,1,Male,27,Age-standardized,996,Liver cancer due to NASH,3,Rate,2014,11.3284833,13.94747636,9.131021459
2,DALYs (Disability-Adjusted Life Years),6,China,1,Male,27,Age-standardized,996,Liver cancer due to NASH,3,Rate,2015,11.89557421,14.66003629,9.493954205
2,DALYs (Disability-Adjusted Life Years),6,China,1,Male,27,Age-standardized,996,Liver cancer due to NASH,3,Rate,2016,12.30319336,15.40047332,9.760437117
2,DALYs (Disability-Adjusted Life Years),6,China,1,Male,27,Age-standardized,996,Liver cancer due to NASH,3,Rate,2017,12.58995628,15.68547605,9.773832058
2,DALYs (Disability-Adjusted Life Years),6,China,1,Male,27,Age-standardized,996,Liver cancer due to NASH,3,Rate,2018,12.75579511,16.06709512,9.734451917
2,DALYs (Disability-Adjusted Life Years),6,China,1,Male,27,Age-standardized,996,Liver cancer due to NASH,3,Rate,2019,13.05343962,17.10142475,10.05556471
