measure_id,measure_name,location_id,location_name,sex_id,sex_name,age_id,age_name,cause_id,cause_name,metric_id,metric_name,year,val,upper,lower
2,DALYs (Disability-Adjusted Life Years),102,United States of America,1,Male,27,Age-standardized,419,Liver cancer due to hepatitis C,3,Rate,1993,23.24205127680265,25.80602268202295,20.657816450340984
2,DALYs (Disability-Adjusted Life Years),102,United States of America,1,Male,27,Age-standardized,419,Liver cancer due to hepatitis C,3,Rate,1990,20.356290947855737,22.674282139051073,18.016044998401426
2,DALYs (Disability-Adjusted Life Years),102,United States of America,1,Male,27,Age-standardized,419,Liver cancer due to hepatitis C,3,Rate,1995,25.54799102215956,28.246946378350486,22.742862887665655
2,DALYs (Disability-Adjusted Life Years),102,United States of America,1,Male,27,Age-standardized,419,Liver cancer due to hepatitis C,3,Rate,1992,22.052456322445778,24.467403837673736,19.602775920496526
2,DALYs (Disability-Adjusted Life Years),102,United States of America,1,Male,27,Age-standardized,419,Liver cancer due to hepatitis C,3,Rate,1996,26.504360884476753,29.294278133803406,23.595650312195414
2,DALYs (Disability-Adjusted Life Years),102,United States of America,1,Male,27,Age-standardized,419,Liver cancer due to hepatitis C,3,Rate,1994,24.38258889567233,27.013248587192262,21.693362434466327
2,DALYs (Disability-Adjusted Life Years),102,United States of America,1,Male,27,Age-standardized,419,Liver cancer due to hepatitis C,3,Rate,2000,31.50579967228769,34.69609600752756,28.344350566122998
2,DALYs (Disability-Adjusted Life Years),102,United States of America,1,Male,27,Age-standardized,419,Liver cancer due to hepatitis C,3,Rate,2004,36.317882157966054,40.177422743305456,32.58220322177325
2,DALYs (Disability-Adjusted Life Years),102,United States of America,1,Male,27,Age-standardized,419,Liver cancer due to hepatitis C,3,Rate,1991,21.051991769088026,23.36625502686341,18.68614453730842
2,DALYs (Disability-Adjusted Life Years),102,United States of America,1,Male,27,Age-standardized,419,Liver cancer due to hepatitis C,3,Rate,1998,29.0110900591454,31.906973862758424,26.027915273792164
2,DALYs (Disability-Adjusted Life Years),102,United States of America,1,Male,27,Age-standardized,419,Liver cancer due to hepatitis C,3,Rate,1997,27.570771322313547,30.363331236264923,24.651419509259814
2,DALYs (Disability-Adjusted Life Years),102,United States of America,1,Male,27,Age-standardized,419,Liver cancer due to hepatitis C,3,Rate,2008,41.5818707053183,46.58963020616879,37.01498285052229
2,DALYs (Disability-Adjusted Life Years),102,United States of America,1,Male,27,Age-standardized,419,Liver cancer due to hepatitis C,3,Rate,1999,30.316931938248015,33.34683528809032,27.28900121361028
2,DALYs (Disability-Adjusted Life Years),102,United States of America,1,Male,27,Age-standardized,419,Liver cancer due to hepatitis C,3,Rate,2012,45.24175390983067,50.550993207345456,40.160098363447375
2,DALYs (Disability-Adjusted Life Years),102,United States of America,1,Male,27,Age-standardized,419,Liver cancer due to hepatitis C,3,Rate,2002,33.774491823066796,37.26820341703958,30.226695805292508
2,DALYs (Disability-Adjusted Life Years),102,United States of America,1,Male,27,Age-standardized,419,Liver cancer due to hepatitis C,3,Rate,2001,32.51072825239767,35.85266541382558,29.19372858280025
2,DALYs (Disability-Adjusted Life Years),102,United States of America,1,Male,27,Age-standardized,419,Liver cancer due to hepatitis C,3,Rate,2005,37.98656587531083,42.0565747678997,34.036692673634946
2,DALYs (Disability-Adjusted Life Years),102,United States of America,1,Male,27,Age-standardized,419,Liver cancer due to hepatitis C,3,Rate,2016,47.52891186509491,54.49528505231941,41.18727853448954
2,DALYs (Disability-Adjusted Life Years),102,United States of America,1,Male,27,Age-standardized,419,Liver cancer due to hepatitis C,3,Rate,2003,35.146663881013154,38.82631067640451,31.3752225389612
2,DALYs (Disability-Adjusted Life Years),102,United States of America,1,Male,27,Age-standardized,419,Liver cancer due to hepatitis C,3,Rate,2007,40.42736241799448,44.913638485857135,36.032702124110386
2,DALYs (Disability-Adjusted Life Years),102,United States of America,1,Male,27,Age-standardized,419,Liver cancer due to hepatitis C,3,Rate,2006,39.236250006163594,43.520970139677445,35.06644653792402
2,DALYs (Disability-Adjusted Life Years),102,United States of America,1,Male,27,Age-standardized,419,Liver cancer due to hepatitis C,3,Rate,2010,43.37519692278196,48.61683386599196,38.25551234820484
2,DALYs (Disability-Adjusted Life Years),102,United States of America,1,Male,27,Age-standardized,419,Liver cancer due to hepatitis C,3,Rate,2009,42.55879914193414,47.643846722962756,37.7871389378029
2,DALYs (Disability-Adjusted Life Years),102,United States of America,1,Male,27,Age-standardized,419,Liver cancer due to hepatitis C,3,Rate,2011,44.503221460274155,50.01640005834897,39.3277643543566
2,DALYs (Disability-Adjusted Life Years),102,United States of America,1,Male,27,Age-standardized,419,Liver cancer due to hepatitis C,3,Rate,2015,47.40727169765915,53.39926391204406,41.709984377075806
2,DALYs (Disability-Adjusted Life Years),102,United States of America,1,Male,27,Age-standardized,419,Liver cancer due to hepatitis C,3,Rate,2014,46.597341886584914,52.37161098614228,41.19335018182475
2,DALYs (Disability-Adjusted Life Years),102,United States of America,1,Male,27,Age-standardized,419,Liver cancer due to hepatitis C,3,Rate,2013,45.911357910239616,51.27461908794982,40.71378406620055
2,DALYs (Disability-Adjusted Life Years),102,United States of America,1,Male,27,Age-standardized,419,Liver cancer due to hepatitis C,3,Rate,2017,46.95650284553626,54.90829344694753,39.33370623116957
2,DALYs (Disability-Adjusted Life Years),102,United States of America,1,Male,27,Age-standardized,419,Liver cancer due to hepatitis C,3,Rate,2019,48.65225512175532,58.81756085195715,38.73733897812471
2,DALYs (Disability-Adjusted Life Years),102,United States of America,1,Male,27,Age-standardized,419,Liver cancer due to hepatitis C,3,Rate,2018,47.61431463147662,56.46684587782589,38.78433315426174
