measure_id,measure_name,location_id,location_name,sex_id,sex_name,age_id,age_name,cause_id,cause_name,metric_id,metric_name,year,val,upper,lower
2,DALYs (Disability-Adjusted Life Years),102,United States of America,1,Male,27,Age-standardized,1021,Liver cancer due to other causes,3,Rate,1993,8.717567144244907,9.706507568291924,7.8287773222546475
2,DALYs (Disability-Adjusted Life Years),102,United States of America,1,Male,27,Age-standardized,1021,Liver cancer due to other causes,3,Rate,1994,8.989224982012013,10.038087965486007,8.0417382001266
2,DALYs (Disability-Adjusted Life Years),102,United States of America,1,Male,27,Age-standardized,1021,Liver cancer due to other causes,3,Rate,1992,8.467749601244119,9.422390268349124,7.634773618915638
2,DALYs (Disability-Adjusted Life Years),102,United States of America,1,Male,27,Age-standardized,1021,Liver cancer due to other causes,3,Rate,1990,8.148813233020793,9.0792170154845,7.316763893862689
2,DALYs (Disability-Adjusted Life Years),102,United States of America,1,Male,27,Age-standardized,1021,Liver cancer due to other causes,3,Rate,1999,10.297707620488099,11.479377426561431,9.14041831015213
2,DALYs (Disability-Adjusted Life Years),102,United States of America,1,Male,27,Age-standardized,1021,Liver cancer due to other causes,3,Rate,2003,11.512120994672554,12.901549071292504,10.12580061272443
2,DALYs (Disability-Adjusted Life Years),102,United States of America,1,Male,27,Age-standardized,1021,Liver cancer due to other causes,3,Rate,1991,8.267339923649983,9.204838562870087,7.40900023653562
2,DALYs (Disability-Adjusted Life Years),102,United States of America,1,Male,27,Age-standardized,1021,Liver cancer due to other causes,3,Rate,1995,9.209936189255302,10.326089168148098,8.265396084219468
2,DALYs (Disability-Adjusted Life Years),102,United States of America,1,Male,27,Age-standardized,1021,Liver cancer due to other causes,3,Rate,1998,9.908250048228377,11.019415506688853,8.854124754636892
2,DALYs (Disability-Adjusted Life Years),102,United States of America,1,Male,27,Age-standardized,1021,Liver cancer due to other causes,3,Rate,2007,12.498857656568456,14.093207488668133,11.07399711076331
2,DALYs (Disability-Adjusted Life Years),102,United States of America,1,Male,27,Age-standardized,1021,Liver cancer due to other causes,3,Rate,1997,9.623859019460998,10.73313842298719,8.655439020393905
2,DALYs (Disability-Adjusted Life Years),102,United States of America,1,Male,27,Age-standardized,1021,Liver cancer due to other causes,3,Rate,1996,9.418546140736643,10.50619565762455,8.430646768130103
2,DALYs (Disability-Adjusted Life Years),102,United States of America,1,Male,27,Age-standardized,1021,Liver cancer due to other causes,3,Rate,2000,10.590177117380113,11.84000785488494,9.382189992139725
2,DALYs (Disability-Adjusted Life Years),102,United States of America,1,Male,27,Age-standardized,1021,Liver cancer due to other causes,3,Rate,2011,12.827274600442571,14.482562826747817,11.233670897854402
2,DALYs (Disability-Adjusted Life Years),102,United States of America,1,Male,27,Age-standardized,1021,Liver cancer due to other causes,3,Rate,2002,11.214267430947,12.606732952053152,9.895364140933278
2,DALYs (Disability-Adjusted Life Years),102,United States of America,1,Male,27,Age-standardized,1021,Liver cancer due to other causes,3,Rate,2001,10.823038620629802,12.15180621815125,9.575869007121822
2,DALYs (Disability-Adjusted Life Years),102,United States of America,1,Male,27,Age-standardized,1021,Liver cancer due to other causes,3,Rate,2015,12.91992537015466,14.742575525867926,11.210462588799755
2,DALYs (Disability-Adjusted Life Years),102,United States of America,1,Male,27,Age-standardized,1021,Liver cancer due to other causes,3,Rate,2005,12.091642130410571,13.583743721292825,10.688335527268936
2,DALYs (Disability-Adjusted Life Years),102,United States of America,1,Male,27,Age-standardized,1021,Liver cancer due to other causes,3,Rate,2004,11.728126212624028,13.143125382785895,10.34321179628052
2,DALYs (Disability-Adjusted Life Years),102,United States of America,1,Male,27,Age-standardized,1021,Liver cancer due to other causes,3,Rate,2008,12.583904378392564,14.200166326728983,11.093514083483523
2,DALYs (Disability-Adjusted Life Years),102,United States of America,1,Male,27,Age-standardized,1021,Liver cancer due to other causes,3,Rate,2006,12.281960432889225,13.818186733978319,10.886067664315389
2,DALYs (Disability-Adjusted Life Years),102,United States of America,1,Male,27,Age-standardized,1021,Liver cancer due to other causes,3,Rate,2019,13.845200853739815,16.731206863448655,11.074659316524631
2,DALYs (Disability-Adjusted Life Years),102,United States of America,1,Male,27,Age-standardized,1021,Liver cancer due to other causes,3,Rate,2010,12.717762593382256,14.386371215637348,11.14692893097936
2,DALYs (Disability-Adjusted Life Years),102,United States of America,1,Male,27,Age-standardized,1021,Liver cancer due to other causes,3,Rate,2009,12.63649967730251,14.284874555033308,11.160937349606783
2,DALYs (Disability-Adjusted Life Years),102,United States of America,1,Male,27,Age-standardized,1021,Liver cancer due to other causes,3,Rate,2012,12.756256850790361,14.466190402677089,11.18951363772183
2,DALYs (Disability-Adjusted Life Years),102,United States of America,1,Male,27,Age-standardized,1021,Liver cancer due to other causes,3,Rate,2014,12.725928057228908,14.478999275162955,11.117053524637026
2,DALYs (Disability-Adjusted Life Years),102,United States of America,1,Male,27,Age-standardized,1021,Liver cancer due to other causes,3,Rate,2013,12.71529607713517,14.441674163045054,11.108656458264159
2,DALYs (Disability-Adjusted Life Years),102,United States of America,1,Male,27,Age-standardized,1021,Liver cancer due to other causes,3,Rate,2017,13.31444981474182,15.520127807656877,11.094913055882637
2,DALYs (Disability-Adjusted Life Years),102,United States of America,1,Male,27,Age-standardized,1021,Liver cancer due to other causes,3,Rate,2016,13.181030817972323,15.121350328130895,11.311295547266795
2,DALYs (Disability-Adjusted Life Years),102,United States of America,1,Male,27,Age-standardized,1021,Liver cancer due to other causes,3,Rate,2018,13.550577124200363,15.998252541287977,11.04462003132034
