measure_id,measure_name,location_id,location_name,sex_id,sex_name,age_id,age_name,cause_id,cause_name,metric_id,metric_name,year,val,upper,lower
2,DALYs (Disability-Adjusted Life Years),102,United States of America,1,Male,27,Age-standardized,420,Liver cancer due to alcohol use,3,Rate,1993,30.817499484012014,33.9209700441058,27.716304044421452
2,DALYs (Disability-Adjusted Life Years),102,United States of America,1,Male,27,Age-standardized,420,Liver cancer due to alcohol use,3,Rate,1990,27.409773607368372,30.296226496228126,24.43346669262461
2,DALYs (Disability-Adjusted Life Years),102,United States of America,1,Male,27,Age-standardized,420,Liver cancer due to alcohol use,3,Rate,1995,33.34595386601788,36.720829108904205,29.97697600928776
2,DALYs (Disability-Adjusted Life Years),102,United States of America,1,Male,27,Age-standardized,420,Liver cancer due to alcohol use,3,Rate,1992,29.44038122470123,32.50481912105758,26.26568356594359
2,DALYs (Disability-Adjusted Life Years),102,United States of America,1,Male,27,Age-standardized,420,Liver cancer due to alcohol use,3,Rate,1996,34.30835856739739,37.858218414959225,30.90920704115519
2,DALYs (Disability-Adjusted Life Years),102,United States of America,1,Male,27,Age-standardized,420,Liver cancer due to alcohol use,3,Rate,2000,38.5964487603866,42.48191698161575,34.87245556928642
2,DALYs (Disability-Adjusted Life Years),102,United States of America,1,Male,27,Age-standardized,420,Liver cancer due to alcohol use,3,Rate,1994,32.131076215510596,35.40915888012421,28.855438626516033
2,DALYs (Disability-Adjusted Life Years),102,United States of America,1,Male,27,Age-standardized,420,Liver cancer due to alcohol use,3,Rate,1991,28.220303605288894,31.192321354809668,25.202245739404002
2,DALYs (Disability-Adjusted Life Years),102,United States of America,1,Male,27,Age-standardized,420,Liver cancer due to alcohol use,3,Rate,2004,43.442325060813246,47.9248429474933,39.17580865945698
2,DALYs (Disability-Adjusted Life Years),102,United States of America,1,Male,27,Age-standardized,420,Liver cancer due to alcohol use,3,Rate,1998,36.30163533401968,39.933288564325025,32.84349309809927
2,DALYs (Disability-Adjusted Life Years),102,United States of America,1,Male,27,Age-standardized,420,Liver cancer due to alcohol use,3,Rate,1997,35.139327554048926,38.66425228861957,31.670133436676466
2,DALYs (Disability-Adjusted Life Years),102,United States of America,1,Male,27,Age-standardized,420,Liver cancer due to alcohol use,3,Rate,2008,48.662441445477235,54.03170563190616,43.45299030500336
2,DALYs (Disability-Adjusted Life Years),102,United States of America,1,Male,27,Age-standardized,420,Liver cancer due to alcohol use,3,Rate,1999,37.395458804721784,41.09794765186287,33.85890682582035
2,DALYs (Disability-Adjusted Life Years),102,United States of America,1,Male,27,Age-standardized,420,Liver cancer due to alcohol use,3,Rate,2012,51.78830211280422,57.41905423182943,45.96046697727878
2,DALYs (Disability-Adjusted Life Years),102,United States of America,1,Male,27,Age-standardized,420,Liver cancer due to alcohol use,3,Rate,2002,41.017829694928615,45.306100852875474,36.97817049483585
2,DALYs (Disability-Adjusted Life Years),102,United States of America,1,Male,27,Age-standardized,420,Liver cancer due to alcohol use,3,Rate,2001,39.67185755567501,43.75808761701995,35.78312409582409
2,DALYs (Disability-Adjusted Life Years),102,United States of America,1,Male,27,Age-standardized,420,Liver cancer due to alcohol use,3,Rate,2005,45.161126945501785,49.865311475225525,40.57612205394628
2,DALYs (Disability-Adjusted Life Years),102,United States of America,1,Male,27,Age-standardized,420,Liver cancer due to alcohol use,3,Rate,2016,56.897816277288136,64.75183738267854,49.45051750677955
2,DALYs (Disability-Adjusted Life Years),102,United States of America,1,Male,27,Age-standardized,420,Liver cancer due to alcohol use,3,Rate,2003,42.310253330961444,46.930837500591934,38.09171811549834
2,DALYs (Disability-Adjusted Life Years),102,United States of America,1,Male,27,Age-standardized,420,Liver cancer due to alcohol use,3,Rate,2007,47.51978145526023,52.680084982541516,42.455068932143206
2,DALYs (Disability-Adjusted Life Years),102,United States of America,1,Male,27,Age-standardized,420,Liver cancer due to alcohol use,3,Rate,2006,46.369374844393825,51.32641063848747,41.44953845265692
2,DALYs (Disability-Adjusted Life Years),102,United States of America,1,Male,27,Age-standardized,420,Liver cancer due to alcohol use,3,Rate,2010,50.16785306174421,55.86574740229685,44.62149322692803
2,DALYs (Disability-Adjusted Life Years),102,United States of America,1,Male,27,Age-standardized,420,Liver cancer due to alcohol use,3,Rate,2009,49.5330354674783,55.120757445653275,44.13075391615791
2,DALYs (Disability-Adjusted Life Years),102,United States of America,1,Male,27,Age-standardized,420,Liver cancer due to alcohol use,3,Rate,2011,51.21527284533669,56.910725266351065,45.520006667568
2,DALYs (Disability-Adjusted Life Years),102,United States of America,1,Male,27,Age-standardized,420,Liver cancer due to alcohol use,3,Rate,2015,54.25239764907715,60.98002878373553,47.972328084697224
2,DALYs (Disability-Adjusted Life Years),102,United States of America,1,Male,27,Age-standardized,420,Liver cancer due to alcohol use,3,Rate,2014,53.10350750582213,59.43363817650524,47.15623169672949
2,DALYs (Disability-Adjusted Life Years),102,United States of America,1,Male,27,Age-standardized,420,Liver cancer due to alcohol use,3,Rate,2013,52.332397913822625,58.20346599471204,46.41086532464561
2,DALYs (Disability-Adjusted Life Years),102,United States of America,1,Male,27,Age-standardized,420,Liver cancer due to alcohol use,3,Rate,2017,59.16406895710421,68.7689569687348,50.00269031379225
2,DALYs (Disability-Adjusted Life Years),102,United States of America,1,Male,27,Age-standardized,420,Liver cancer due to alcohol use,3,Rate,2019,62.79728635158695,75.65447432978439,50.635765123072616
2,DALYs (Disability-Adjusted Life Years),102,United States of America,1,Male,27,Age-standardized,420,Liver cancer due to alcohol use,3,Rate,2018,61.03404770874245,72.00496012966973,50.367896039527324
