measure_id,measure_name,location_id,location_name,sex_id,sex_name,age_id,age_name,cause_id,cause_name,metric_id,metric_name,year,val,upper,lower
2,DALYs (Disability-Adjusted Life Years),102,United States of America,2,Female,27,Age-standardized,1021,Liver cancer due to other causes,3,Rate,1993,6.745015186278115,7.440681620381859,6.116818767967387
2,DALYs (Disability-Adjusted Life Years),102,United States of America,2,Female,27,Age-standardized,1021,Liver cancer due to other causes,3,Rate,1992,6.644113869030888,7.316127747119501,6.017549998629348
2,DALYs (Disability-Adjusted Life Years),102,United States of America,2,Female,27,Age-standardized,1021,Liver cancer due to other causes,3,Rate,1990,6.433179977246748,7.105944472688274,5.825153836127017
2,DALYs (Disability-Adjusted Life Years),102,United States of America,2,Female,27,Age-standardized,1021,Liver cancer due to other causes,3,Rate,1994,6.88937650481394,7.568678936593558,6.246989472230639
2,DALYs (Disability-Adjusted Life Years),102,United States of America,2,Female,27,Age-standardized,1021,Liver cancer due to other causes,3,Rate,2003,8.043944625654378,8.806329499693131,7.2756902897203695
2,DALYs (Disability-Adjusted Life Years),102,United States of America,2,Female,27,Age-standardized,1021,Liver cancer due to other causes,3,Rate,1999,7.622337607783224,8.364159493816828,6.930796712020393
2,DALYs (Disability-Adjusted Life Years),102,United States of America,2,Female,27,Age-standardized,1021,Liver cancer due to other causes,3,Rate,1991,6.506035883855218,7.191778769621513,5.883938070982223
2,DALYs (Disability-Adjusted Life Years),102,United States of America,2,Female,27,Age-standardized,1021,Liver cancer due to other causes,3,Rate,1995,7.062956302213907,7.773949147282289,6.412220183238896
2,DALYs (Disability-Adjusted Life Years),102,United States of America,2,Female,27,Age-standardized,1021,Liver cancer due to other causes,3,Rate,2007,8.702102741213094,9.57788633370634,7.840362341905324
2,DALYs (Disability-Adjusted Life Years),102,United States of America,2,Female,27,Age-standardized,1021,Liver cancer due to other causes,3,Rate,1998,7.424082164864379,8.15777731916477,6.7403034415487335
2,DALYs (Disability-Adjusted Life Years),102,United States of America,2,Female,27,Age-standardized,1021,Liver cancer due to other causes,3,Rate,1997,7.300762542370928,8.025059764400167,6.6218748873136075
2,DALYs (Disability-Adjusted Life Years),102,United States of America,2,Female,27,Age-standardized,1021,Liver cancer due to other causes,3,Rate,1996,7.157030717234936,7.877582447984973,6.494485760110124
2,DALYs (Disability-Adjusted Life Years),102,United States of America,2,Female,27,Age-standardized,1021,Liver cancer due to other causes,3,Rate,2000,7.797967339192575,8.538354930714164,7.073532264669559
2,DALYs (Disability-Adjusted Life Years),102,United States of America,2,Female,27,Age-standardized,1021,Liver cancer due to other causes,3,Rate,2011,8.880301205718856,9.789598695006895,7.963207275845746
2,DALYs (Disability-Adjusted Life Years),102,United States of America,2,Female,27,Age-standardized,1021,Liver cancer due to other causes,3,Rate,2002,7.956875204534851,8.71901427826539,7.208990391327033
2,DALYs (Disability-Adjusted Life Years),102,United States of America,2,Female,27,Age-standardized,1021,Liver cancer due to other causes,3,Rate,2001,7.886831542614633,8.627872584541086,7.1686684318541385
2,DALYs (Disability-Adjusted Life Years),102,United States of America,2,Female,27,Age-standardized,1021,Liver cancer due to other causes,3,Rate,2015,8.881525126972626,9.850461936401748,7.957857437020831
2,DALYs (Disability-Adjusted Life Years),102,United States of America,2,Female,27,Age-standardized,1021,Liver cancer due to other causes,3,Rate,2004,8.119945342839445,8.87752764828484,7.336643912625374
2,DALYs (Disability-Adjusted Life Years),102,United States of America,2,Female,27,Age-standardized,1021,Liver cancer due to other causes,3,Rate,2005,8.289410340347688,9.08066124190602,7.489688714271675
2,DALYs (Disability-Adjusted Life Years),102,United States of America,2,Female,27,Age-standardized,1021,Liver cancer due to other causes,3,Rate,2008,8.759019793370983,9.66611015563382,7.901239653384933
2,DALYs (Disability-Adjusted Life Years),102,United States of America,2,Female,27,Age-standardized,1021,Liver cancer due to other causes,3,Rate,2019,9.07455740854426,10.244762877475486,8.011780837331674
2,DALYs (Disability-Adjusted Life Years),102,United States of America,2,Female,27,Age-standardized,1021,Liver cancer due to other causes,3,Rate,2006,8.511225636751872,9.398941851711907,7.696574821441506
2,DALYs (Disability-Adjusted Life Years),102,United States of America,2,Female,27,Age-standardized,1021,Liver cancer due to other causes,3,Rate,2010,8.89582593174469,9.83353701011708,7.981953026666783
2,DALYs (Disability-Adjusted Life Years),102,United States of America,2,Female,27,Age-standardized,1021,Liver cancer due to other causes,3,Rate,2009,8.869887952521376,9.78864258425024,7.984922136515044
2,DALYs (Disability-Adjusted Life Years),102,United States of America,2,Female,27,Age-standardized,1021,Liver cancer due to other causes,3,Rate,2012,8.801693516174142,9.735207443785503,7.888784143453772
2,DALYs (Disability-Adjusted Life Years),102,United States of America,2,Female,27,Age-standardized,1021,Liver cancer due to other causes,3,Rate,2014,8.770224781169373,9.71253879189765,7.840930725924932
2,DALYs (Disability-Adjusted Life Years),102,United States of America,2,Female,27,Age-standardized,1021,Liver cancer due to other causes,3,Rate,2013,8.739059078714362,9.667354412608889,7.811858955660992
2,DALYs (Disability-Adjusted Life Years),102,United States of America,2,Female,27,Age-standardized,1021,Liver cancer due to other causes,3,Rate,2016,9.074191531873849,10.126763397523447,8.083453805076227
2,DALYs (Disability-Adjusted Life Years),102,United States of America,2,Female,27,Age-standardized,1021,Liver cancer due to other causes,3,Rate,2017,9.078549844685,10.115922434499195,8.05575988650072
2,DALYs (Disability-Adjusted Life Years),102,United States of America,2,Female,27,Age-standardized,1021,Liver cancer due to other causes,3,Rate,2018,9.072449724182647,10.139648081359868,8.031142085002395
