measure_id,measure_name,location_id,location_name,sex_id,sex_name,age_id,age_name,cause_id,cause_name,metric_id,metric_name,year,val,upper,lower
2,DALYs (Disability-Adjusted Life Years),102,United States of America,1,Male,27,Age-standardized,418,Liver cancer due to hepatitis B,3,Rate,1993,14.015003548958942,15.855113897597287,12.328248544090398
2,DALYs (Disability-Adjusted Life Years),102,United States of America,1,Male,27,Age-standardized,418,Liver cancer due to hepatitis B,3,Rate,1990,12.839692773669587,14.667967531924194,11.171328454480257
2,DALYs (Disability-Adjusted Life Years),102,United States of America,1,Male,27,Age-standardized,418,Liver cancer due to hepatitis B,3,Rate,1995,15.084084311741842,17.046267089772513,13.307707972760126
2,DALYs (Disability-Adjusted Life Years),102,United States of America,1,Male,27,Age-standardized,418,Liver cancer due to hepatitis B,3,Rate,2000,18.07502373140149,20.320474676257458,15.967341759316989
2,DALYs (Disability-Adjusted Life Years),102,United States of America,1,Male,27,Age-standardized,418,Liver cancer due to hepatitis B,3,Rate,1996,15.614102466693778,17.53280744177814,13.787774344148492
2,DALYs (Disability-Adjusted Life Years),102,United States of America,1,Male,27,Age-standardized,418,Liver cancer due to hepatitis B,3,Rate,1994,14.53829493289557,16.42223733305055,12.830661851358013
2,DALYs (Disability-Adjusted Life Years),102,United States of America,1,Male,27,Age-standardized,418,Liver cancer due to hepatitis B,3,Rate,1992,13.48977165455774,15.276120131520857,11.811706979261233
2,DALYs (Disability-Adjusted Life Years),102,United States of America,1,Male,27,Age-standardized,418,Liver cancer due to hepatitis B,3,Rate,2004,20.141853968023153,22.67604002650431,17.865225864083524
2,DALYs (Disability-Adjusted Life Years),102,United States of America,1,Male,27,Age-standardized,418,Liver cancer due to hepatitis B,3,Rate,1991,13.070575963209011,14.855284431344215,11.432753059583678
2,DALYs (Disability-Adjusted Life Years),102,United States of America,1,Male,27,Age-standardized,418,Liver cancer due to hepatitis B,3,Rate,1998,16.837250635233094,18.908046973950597,14.893472935540215
2,DALYs (Disability-Adjusted Life Years),102,United States of America,1,Male,27,Age-standardized,418,Liver cancer due to hepatitis B,3,Rate,2008,21.579478961007084,24.568400401317454,18.905590288007463
2,DALYs (Disability-Adjusted Life Years),102,United States of America,1,Male,27,Age-standardized,418,Liver cancer due to hepatitis B,3,Rate,1997,16.16223418287359,18.16870413235421,14.276420708996682
2,DALYs (Disability-Adjusted Life Years),102,United States of America,1,Male,27,Age-standardized,418,Liver cancer due to hepatitis B,3,Rate,1999,17.46286086604157,19.594840862680883,15.41258848676225
2,DALYs (Disability-Adjusted Life Years),102,United States of America,1,Male,27,Age-standardized,418,Liver cancer due to hepatitis B,3,Rate,2012,22.101283857357455,25.517873960763136,19.33512339515521
2,DALYs (Disability-Adjusted Life Years),102,United States of America,1,Male,27,Age-standardized,418,Liver cancer due to hepatitis B,3,Rate,2002,19.143964493491442,21.60673563767738,16.916982088030803
2,DALYs (Disability-Adjusted Life Years),102,United States of America,1,Male,27,Age-standardized,418,Liver cancer due to hepatitis B,3,Rate,2001,18.56487414999045,20.890784396628057,16.400621442619176
2,DALYs (Disability-Adjusted Life Years),102,United States of America,1,Male,27,Age-standardized,418,Liver cancer due to hepatitis B,3,Rate,2005,20.798927309301977,23.48706898504173,18.382965059135955
2,DALYs (Disability-Adjusted Life Years),102,United States of America,1,Male,27,Age-standardized,418,Liver cancer due to hepatitis B,3,Rate,2016,23.517119773326694,27.671579056743543,19.88957397679789
2,DALYs (Disability-Adjusted Life Years),102,United States of America,1,Male,27,Age-standardized,418,Liver cancer due to hepatitis B,3,Rate,2003,19.699254272768705,22.22361856186863,17.402397678563222
2,DALYs (Disability-Adjusted Life Years),102,United States of America,1,Male,27,Age-standardized,418,Liver cancer due to hepatitis B,3,Rate,2007,21.41340141783985,24.197194107856888,18.78006740854495
2,DALYs (Disability-Adjusted Life Years),102,United States of America,1,Male,27,Age-standardized,418,Liver cancer due to hepatitis B,3,Rate,2006,21.124288132474838,23.812780729534172,18.605155076932885
2,DALYs (Disability-Adjusted Life Years),102,United States of America,1,Male,27,Age-standardized,418,Liver cancer due to hepatitis B,3,Rate,2010,21.721613224688483,24.90237525760648,18.95035689738314
2,DALYs (Disability-Adjusted Life Years),102,United States of America,1,Male,27,Age-standardized,418,Liver cancer due to hepatitis B,3,Rate,2009,21.690087630037443,24.78904755639788,19.003652657447756
2,DALYs (Disability-Adjusted Life Years),102,United States of America,1,Male,27,Age-standardized,418,Liver cancer due to hepatitis B,3,Rate,2011,21.99982772174711,25.325897661725598,19.23804554506995
2,DALYs (Disability-Adjusted Life Years),102,United States of America,1,Male,27,Age-standardized,418,Liver cancer due to hepatitis B,3,Rate,2015,22.811018414725194,26.610315458569794,19.633504909424286
2,DALYs (Disability-Adjusted Life Years),102,United States of America,1,Male,27,Age-standardized,418,Liver cancer due to hepatitis B,3,Rate,2014,22.37802924924688,25.986294830085946,19.42826794853765
2,DALYs (Disability-Adjusted Life Years),102,United States of America,1,Male,27,Age-standardized,418,Liver cancer due to hepatitis B,3,Rate,2017,23.98102238308182,28.84749812789228,19.68311187619247
2,DALYs (Disability-Adjusted Life Years),102,United States of America,1,Male,27,Age-standardized,418,Liver cancer due to hepatitis B,3,Rate,2013,22.1995294838461,25.728771195543636,19.336359814517856
2,DALYs (Disability-Adjusted Life Years),102,United States of America,1,Male,27,Age-standardized,418,Liver cancer due to hepatitis B,3,Rate,2019,24.326102069561777,30.143873695156195,19.126342685141548
2,DALYs (Disability-Adjusted Life Years),102,United States of America,1,Male,27,Age-standardized,418,Liver cancer due to hepatitis B,3,Rate,2018,24.240187821775528,29.656104723350555,19.328777798943698
