measure_id,measure_name,location_id,location_name,sex_id,sex_name,age_id,age_name,cause_id,cause_name,metric_id,metric_name,year,val,upper,lower
2,DALYs (Disability-Adjusted Life Years),102,United States of America,1,Male,27,Age-standardized,996,Liver cancer due to NASH,3,Rate,1990,5.164534200885023,5.977354787095454,4.450905740862632
2,DALYs (Disability-Adjusted Life Years),102,United States of America,1,Male,27,Age-standardized,996,Liver cancer due to NASH,3,Rate,1995,6.29866192625261,7.209346996431982,5.418006629614509
2,DALYs (Disability-Adjusted Life Years),102,United States of America,1,Male,27,Age-standardized,996,Liver cancer due to NASH,3,Rate,1991,5.302828250797754,6.117364197898972,4.561112635684056
2,DALYs (Disability-Adjusted Life Years),102,United States of America,1,Male,27,Age-standardized,996,Liver cancer due to NASH,3,Rate,1996,6.517581055729943,7.5094643044525755,5.6499669551129115
2,DALYs (Disability-Adjusted Life Years),102,United States of America,1,Male,27,Age-standardized,996,Liver cancer due to NASH,3,Rate,1992,5.515354924274864,6.374231869879716,4.752657889371269
2,DALYs (Disability-Adjusted Life Years),102,United States of America,1,Male,27,Age-standardized,996,Liver cancer due to NASH,3,Rate,1997,6.747941868496542,7.769279126816964,5.83436260075081
2,DALYs (Disability-Adjusted Life Years),102,United States of America,1,Male,27,Age-standardized,996,Liver cancer due to NASH,3,Rate,1993,5.7824443404332495,6.647292509265922,4.9714787157480815
2,DALYs (Disability-Adjusted Life Years),102,United States of America,1,Male,27,Age-standardized,996,Liver cancer due to NASH,3,Rate,2000,7.654698499027231,8.804306487637746,6.648534718311141
2,DALYs (Disability-Adjusted Life Years),102,United States of America,1,Male,27,Age-standardized,996,Liver cancer due to NASH,3,Rate,1994,6.040363073906293,6.9340868056905745,5.190536817325505
2,DALYs (Disability-Adjusted Life Years),102,United States of America,1,Male,27,Age-standardized,996,Liver cancer due to NASH,3,Rate,2001,7.914714336433993,9.101668255530033,6.855917787565005
2,DALYs (Disability-Adjusted Life Years),102,United States of America,1,Male,27,Age-standardized,996,Liver cancer due to NASH,3,Rate,1998,7.064199878421726,8.103318642399014,6.113564724559416
2,DALYs (Disability-Adjusted Life Years),102,United States of America,1,Male,27,Age-standardized,996,Liver cancer due to NASH,3,Rate,2005,9.529401420737292,10.95366517233006,8.225270072000916
2,DALYs (Disability-Adjusted Life Years),102,United States of America,1,Male,27,Age-standardized,996,Liver cancer due to NASH,3,Rate,1999,7.377433716615295,8.474474524524473,6.380005317669606
2,DALYs (Disability-Adjusted Life Years),102,United States of America,1,Male,27,Age-standardized,996,Liver cancer due to NASH,3,Rate,2004,9.069736706462832,10.411627668522346,7.850966683893733
2,DALYs (Disability-Adjusted Life Years),102,United States of America,1,Male,27,Age-standardized,996,Liver cancer due to NASH,3,Rate,2002,8.300370583085673,9.53029180501931,7.2004682483294
2,DALYs (Disability-Adjusted Life Years),102,United States of America,1,Male,27,Age-standardized,996,Liver cancer due to NASH,3,Rate,2003,8.705476718303357,9.974502776763327,7.523802345722854
2,DALYs (Disability-Adjusted Life Years),102,United States of America,1,Male,27,Age-standardized,996,Liver cancer due to NASH,3,Rate,2006,9.817201467611856,11.232733269277071,8.448809410082845
2,DALYs (Disability-Adjusted Life Years),102,United States of America,1,Male,27,Age-standardized,996,Liver cancer due to NASH,3,Rate,2008,10.287515758714887,11.795279861385568,8.825905119609468
2,DALYs (Disability-Adjusted Life Years),102,United States of America,1,Male,27,Age-standardized,996,Liver cancer due to NASH,3,Rate,2010,10.632728921674172,12.275396239014466,9.103912831499335
2,DALYs (Disability-Adjusted Life Years),102,United States of America,1,Male,27,Age-standardized,996,Liver cancer due to NASH,3,Rate,2007,10.059668738398967,11.501132080991242,8.641321440042704
2,DALYs (Disability-Adjusted Life Years),102,United States of America,1,Male,27,Age-standardized,996,Liver cancer due to NASH,3,Rate,2009,10.452754671014576,12.055612777189776,8.953026950126008
2,DALYs (Disability-Adjusted Life Years),102,United States of America,1,Male,27,Age-standardized,996,Liver cancer due to NASH,3,Rate,2014,11.51994814928892,13.447008623587223,9.750743919976411
2,DALYs (Disability-Adjusted Life Years),102,United States of America,1,Male,27,Age-standardized,996,Liver cancer due to NASH,3,Rate,2012,11.085810242602252,12.848081885264277,9.41818519013201
2,DALYs (Disability-Adjusted Life Years),102,United States of America,1,Male,27,Age-standardized,996,Liver cancer due to NASH,3,Rate,2018,12.496464602477467,15.256832480684297,9.752771368566412
2,DALYs (Disability-Adjusted Life Years),102,United States of America,1,Male,27,Age-standardized,996,Liver cancer due to NASH,3,Rate,2011,10.89336388786615,12.598800325043372,9.30664068724481
2,DALYs (Disability-Adjusted Life Years),102,United States of America,1,Male,27,Age-standardized,996,Liver cancer due to NASH,3,Rate,2013,11.283822903726078,13.130605248232182,9.589118675258902
2,DALYs (Disability-Adjusted Life Years),102,United States of America,1,Male,27,Age-standardized,996,Liver cancer due to NASH,3,Rate,2015,11.829232070870912,13.869784934469724,9.900835761369372
2,DALYs (Disability-Adjusted Life Years),102,United States of America,1,Male,27,Age-standardized,996,Liver cancer due to NASH,3,Rate,2017,12.317174320558289,14.835773950740345,9.826236334355828
2,DALYs (Disability-Adjusted Life Years),102,United States of America,1,Male,27,Age-standardized,996,Liver cancer due to NASH,3,Rate,2016,12.180294049579715,14.43135609296957,10.025246302629894
2,DALYs (Disability-Adjusted Life Years),102,United States of America,1,Male,27,Age-standardized,996,Liver cancer due to NASH,3,Rate,2019,12.63201577646619,15.660594921110185,9.621299894695627
