measure_id,measure_name,location_id,location_name,sex_id,sex_name,age_id,age_name,cause_id,cause_name,metric_id,metric_name,year,val,upper,lower
2,DALYs (Disability-Adjusted Life Years),102,United States of America,2,Female,27,Age-standardized,419,Liver cancer due to hepatitis C,3,Rate,1993,15.570545105632121,16.837424436685552,14.286747762522653
2,DALYs (Disability-Adjusted Life Years),102,United States of America,2,Female,27,Age-standardized,419,Liver cancer due to hepatitis C,3,Rate,1990,13.955848593199748,15.140594779898358,12.718208376541725
2,DALYs (Disability-Adjusted Life Years),102,United States of America,2,Female,27,Age-standardized,419,Liver cancer due to hepatitis C,3,Rate,1995,16.86532332688722,18.241823082451294,15.538810193500964
2,DALYs (Disability-Adjusted Life Years),102,United States of America,2,Female,27,Age-standardized,419,Liver cancer due to hepatitis C,3,Rate,1992,14.984977181673896,16.257943812643244,13.71471348222539
2,DALYs (Disability-Adjusted Life Years),102,United States of America,2,Female,27,Age-standardized,419,Liver cancer due to hepatitis C,3,Rate,1996,17.422210093822116,18.780835653639443,16.01313368830143
2,DALYs (Disability-Adjusted Life Years),102,United States of America,2,Female,27,Age-standardized,419,Liver cancer due to hepatitis C,3,Rate,2000,19.932801902320588,21.41662952954869,18.350480871919956
2,DALYs (Disability-Adjusted Life Years),102,United States of America,2,Female,27,Age-standardized,419,Liver cancer due to hepatitis C,3,Rate,1994,16.187399889310587,17.491305103699133,14.897655509638163
2,DALYs (Disability-Adjusted Life Years),102,United States of America,2,Female,27,Age-standardized,419,Liver cancer due to hepatitis C,3,Rate,1991,14.448461954360162,15.669389244161646,13.163931100338312
2,DALYs (Disability-Adjusted Life Years),102,United States of America,2,Female,27,Age-standardized,419,Liver cancer due to hepatitis C,3,Rate,2004,21.31865621851398,22.916072402654347,19.634546495817297
2,DALYs (Disability-Adjusted Life Years),102,United States of America,2,Female,27,Age-standardized,419,Liver cancer due to hepatitis C,3,Rate,1998,18.604295338409866,19.939833187862067,17.14350313640554
2,DALYs (Disability-Adjusted Life Years),102,United States of America,2,Female,27,Age-standardized,419,Liver cancer due to hepatitis C,3,Rate,2008,23.945947683562043,25.85520417662022,21.76209926681738
2,DALYs (Disability-Adjusted Life Years),102,United States of America,2,Female,27,Age-standardized,419,Liver cancer due to hepatitis C,3,Rate,1997,18.04111393756583,19.41537067464748,16.625786236061856
2,DALYs (Disability-Adjusted Life Years),102,United States of America,2,Female,27,Age-standardized,419,Liver cancer due to hepatitis C,3,Rate,1999,19.365016424549037,20.805583732699667,17.849535742027523
2,DALYs (Disability-Adjusted Life Years),102,United States of America,2,Female,27,Age-standardized,419,Liver cancer due to hepatitis C,3,Rate,2012,25.640639262571625,27.655478220980765,23.510811783161575
2,DALYs (Disability-Adjusted Life Years),102,United States of America,2,Female,27,Age-standardized,419,Liver cancer due to hepatitis C,3,Rate,2002,20.620795063341586,22.125693236727944,18.967458553224727
2,DALYs (Disability-Adjusted Life Years),102,United States of America,2,Female,27,Age-standardized,419,Liver cancer due to hepatitis C,3,Rate,2001,20.297489600609293,21.84182434875152,18.66090408673304
2,DALYs (Disability-Adjusted Life Years),102,United States of America,2,Female,27,Age-standardized,419,Liver cancer due to hepatitis C,3,Rate,2005,21.94489756301616,23.617229738956464,20.222517296566675
2,DALYs (Disability-Adjusted Life Years),102,United States of America,2,Female,27,Age-standardized,419,Liver cancer due to hepatitis C,3,Rate,2016,26.78422496080595,29.288317206820686,24.222103418385974
2,DALYs (Disability-Adjusted Life Years),102,United States of America,2,Female,27,Age-standardized,419,Liver cancer due to hepatitis C,3,Rate,2003,20.985960573639588,22.540432383235018,19.32903103700392
2,DALYs (Disability-Adjusted Life Years),102,United States of America,2,Female,27,Age-standardized,419,Liver cancer due to hepatitis C,3,Rate,2007,23.47745324746327,25.392312910554004,21.36962460565843
2,DALYs (Disability-Adjusted Life Years),102,United States of America,2,Female,27,Age-standardized,419,Liver cancer due to hepatitis C,3,Rate,2010,24.960555422677793,26.967715482244504,22.7971273200244
2,DALYs (Disability-Adjusted Life Years),102,United States of America,2,Female,27,Age-standardized,419,Liver cancer due to hepatitis C,3,Rate,2006,22.790737930722045,24.54187068204727,20.893761899852695
2,DALYs (Disability-Adjusted Life Years),102,United States of America,2,Female,27,Age-standardized,419,Liver cancer due to hepatitis C,3,Rate,2009,24.52881101871497,26.5086376614789,22.27770833439338
2,DALYs (Disability-Adjusted Life Years),102,United States of America,2,Female,27,Age-standardized,419,Liver cancer due to hepatitis C,3,Rate,2011,25.361937138212554,27.35520469528447,23.22998490842061
2,DALYs (Disability-Adjusted Life Years),102,United States of America,2,Female,27,Age-standardized,419,Liver cancer due to hepatitis C,3,Rate,2015,26.697058432063322,28.982381325789802,24.324205298406174
2,DALYs (Disability-Adjusted Life Years),102,United States of America,2,Female,27,Age-standardized,419,Liver cancer due to hepatitis C,3,Rate,2014,26.22762059107127,28.42052111457459,23.925662648634386
2,DALYs (Disability-Adjusted Life Years),102,United States of America,2,Female,27,Age-standardized,419,Liver cancer due to hepatitis C,3,Rate,2017,26.2204725573862,28.916183552979152,23.666680318478026
2,DALYs (Disability-Adjusted Life Years),102,United States of America,2,Female,27,Age-standardized,419,Liver cancer due to hepatitis C,3,Rate,2013,25.781503028555797,27.87296839490803,23.524993938336905
2,DALYs (Disability-Adjusted Life Years),102,United States of America,2,Female,27,Age-standardized,419,Liver cancer due to hepatitis C,3,Rate,2019,26.454630538571976,29.589471378693357,23.365482511750855
2,DALYs (Disability-Adjusted Life Years),102,United States of America,2,Female,27,Age-standardized,419,Liver cancer due to hepatitis C,3,Rate,2018,26.168012129521554,29.00380066821675,23.341761043137506
