measure_id,measure_name,location_id,location_name,sex_id,sex_name,age_id,age_name,cause_id,cause_name,metric_id,metric_name,year,val,upper,lower
2,DALYs (Disability-Adjusted Life Years),102,United States of America,2,Female,27,Age-standardized,996,Liver cancer due to NASH,3,Rate,1993,3.9061068200975817,4.474360592286518,3.4045038809404877
2,DALYs (Disability-Adjusted Life Years),102,United States of America,2,Female,27,Age-standardized,996,Liver cancer due to NASH,3,Rate,1992,3.789538886441719,4.344959797226926,3.299497832778329
2,DALYs (Disability-Adjusted Life Years),102,United States of America,2,Female,27,Age-standardized,996,Liver cancer due to NASH,3,Rate,1990,3.6010935400420685,4.125712489956714,3.135435505694738
2,DALYs (Disability-Adjusted Life Years),102,United States of America,2,Female,27,Age-standardized,996,Liver cancer due to NASH,3,Rate,1991,3.680291818889064,4.21300443054051,3.2018739415039104
2,DALYs (Disability-Adjusted Life Years),102,United States of America,2,Female,27,Age-standardized,996,Liver cancer due to NASH,3,Rate,1998,4.720810352614895,5.3885048354075415,4.130570501819751
2,DALYs (Disability-Adjusted Life Years),102,United States of America,2,Female,27,Age-standardized,996,Liver cancer due to NASH,3,Rate,2002,5.40202933401164,6.119152954826323,4.73376336904609
2,DALYs (Disability-Adjusted Life Years),102,United States of America,2,Female,27,Age-standardized,996,Liver cancer due to NASH,3,Rate,1994,4.048173835309298,4.623771271194167,3.5265789812675115
2,DALYs (Disability-Adjusted Life Years),102,United States of America,2,Female,27,Age-standardized,996,Liver cancer due to NASH,3,Rate,2006,6.176936535607981,7.003976153793495,5.413053188279536
2,DALYs (Disability-Adjusted Life Years),102,United States of America,2,Female,27,Age-standardized,996,Liver cancer due to NASH,3,Rate,1995,4.210894949045698,4.8113858161828995,3.6628280072763797
2,DALYs (Disability-Adjusted Life Years),102,United States of America,2,Female,27,Age-standardized,996,Liver cancer due to NASH,3,Rate,1997,4.53918506913912,5.183747274757201,3.9584667879856874
2,DALYs (Disability-Adjusted Life Years),102,United States of America,2,Female,27,Age-standardized,996,Liver cancer due to NASH,3,Rate,2010,6.686689328814451,7.640232910837407,5.81279972000814
2,DALYs (Disability-Adjusted Life Years),102,United States of America,2,Female,27,Age-standardized,996,Liver cancer due to NASH,3,Rate,1996,4.359489248800383,4.9814593576055906,3.7828233791634807
2,DALYs (Disability-Adjusted Life Years),102,United States of America,2,Female,27,Age-standardized,996,Liver cancer due to NASH,3,Rate,2000,5.120697486374415,5.817415437247644,4.4886388936424835
2,DALYs (Disability-Adjusted Life Years),102,United States of America,2,Female,27,Age-standardized,996,Liver cancer due to NASH,3,Rate,1999,4.952089143533975,5.626367560093273,4.3342591358837295
2,DALYs (Disability-Adjusted Life Years),102,United States of America,2,Female,27,Age-standardized,996,Liver cancer due to NASH,3,Rate,2003,5.569555152624447,6.273804877602809,4.87184051313221
2,DALYs (Disability-Adjusted Life Years),102,United States of America,2,Female,27,Age-standardized,996,Liver cancer due to NASH,3,Rate,2014,6.9397906828061755,7.934547359450563,6.030821681340672
2,DALYs (Disability-Adjusted Life Years),102,United States of America,2,Female,27,Age-standardized,996,Liver cancer due to NASH,3,Rate,2001,5.251501150942809,5.95831199574777,4.593201985822925
2,DALYs (Disability-Adjusted Life Years),102,United States of America,2,Female,27,Age-standardized,996,Liver cancer due to NASH,3,Rate,2005,5.9367136465392845,6.724145074033869,5.175558412628468
2,DALYs (Disability-Adjusted Life Years),102,United States of America,2,Female,27,Age-standardized,996,Liver cancer due to NASH,3,Rate,2004,5.732504240530407,6.481278937901888,5.009860875167389
2,DALYs (Disability-Adjusted Life Years),102,United States of America,2,Female,27,Age-standardized,996,Liver cancer due to NASH,3,Rate,2007,6.357750394660106,7.217714587617866,5.543085776269854
2,DALYs (Disability-Adjusted Life Years),102,United States of America,2,Female,27,Age-standardized,996,Liver cancer due to NASH,3,Rate,2018,7.20247884011233,8.383855099669868,6.127280029354148
2,DALYs (Disability-Adjusted Life Years),102,United States of America,2,Female,27,Age-standardized,996,Liver cancer due to NASH,3,Rate,2008,6.460486290729333,7.34227310477433,5.647578989654792
2,DALYs (Disability-Adjusted Life Years),102,United States of America,2,Female,27,Age-standardized,996,Liver cancer due to NASH,3,Rate,2009,6.58776502383157,7.489546494824579,5.7438529076534115
2,DALYs (Disability-Adjusted Life Years),102,United States of America,2,Female,27,Age-standardized,996,Liver cancer due to NASH,3,Rate,2011,6.772484722972822,7.755313141953919,5.878494991167594
2,DALYs (Disability-Adjusted Life Years),102,United States of America,2,Female,27,Age-standardized,996,Liver cancer due to NASH,3,Rate,2012,6.814472396456058,7.779996365751129,5.918334544459229
2,DALYs (Disability-Adjusted Life Years),102,United States of America,2,Female,27,Age-standardized,996,Liver cancer due to NASH,3,Rate,2015,7.084871299170628,8.0859771794474,6.1270923573051235
2,DALYs (Disability-Adjusted Life Years),102,United States of America,2,Female,27,Age-standardized,996,Liver cancer due to NASH,3,Rate,2013,6.831808971776005,7.829221747472024,5.930628898801401
2,DALYs (Disability-Adjusted Life Years),102,United States of America,2,Female,27,Age-standardized,996,Liver cancer due to NASH,3,Rate,2017,7.243506600387784,8.358542408590262,6.191440246053192
2,DALYs (Disability-Adjusted Life Years),102,United States of America,2,Female,27,Age-standardized,996,Liver cancer due to NASH,3,Rate,2016,7.2510135456012135,8.332468162861684,6.225641234602721
2,DALYs (Disability-Adjusted Life Years),102,United States of America,2,Female,27,Age-standardized,996,Liver cancer due to NASH,3,Rate,2019,7.173032518363243,8.398672726493352,6.0603189356856175
