measure_id,measure_name,location_id,location_name,sex_id,sex_name,age_id,age_name,cause_id,cause_name,metric_id,metric_name,year,val,upper,lower
2,DALYs (Disability-Adjusted Life Years),102,United States of America,2,Female,27,Age-standardized,420,Liver cancer due to alcohol use,3,Rate,1993,4.5277475025000635,5.225901606357155,3.8534251459610647
2,DALYs (Disability-Adjusted Life Years),102,United States of America,2,Female,27,Age-standardized,420,Liver cancer due to alcohol use,3,Rate,1990,4.1361011698321555,4.807416761671992,3.47829679685884
2,DALYs (Disability-Adjusted Life Years),102,United States of America,2,Female,27,Age-standardized,420,Liver cancer due to alcohol use,3,Rate,1995,4.85617932619634,5.581410742293396,4.147852869554832
2,DALYs (Disability-Adjusted Life Years),102,United States of America,2,Female,27,Age-standardized,420,Liver cancer due to alcohol use,3,Rate,1992,4.391513857087262,5.089576490159337,3.7254646192441596
2,DALYs (Disability-Adjusted Life Years),102,United States of America,2,Female,27,Age-standardized,420,Liver cancer due to alcohol use,3,Rate,1994,4.686576376931641,5.410063658630618,3.9997140106749423
2,DALYs (Disability-Adjusted Life Years),102,United States of America,2,Female,27,Age-standardized,420,Liver cancer due to alcohol use,3,Rate,1996,4.971446318097415,5.704292235730842,4.269646323671092
2,DALYs (Disability-Adjusted Life Years),102,United States of America,2,Female,27,Age-standardized,420,Liver cancer due to alcohol use,3,Rate,2000,5.451183790242653,6.222411162692761,4.6929156326673835
2,DALYs (Disability-Adjusted Life Years),102,United States of America,2,Female,27,Age-standardized,420,Liver cancer due to alcohol use,3,Rate,2004,5.823628917546811,6.630682050022485,5.043243069703428
2,DALYs (Disability-Adjusted Life Years),102,United States of America,2,Female,27,Age-standardized,420,Liver cancer due to alcohol use,3,Rate,1991,4.251788885447248,4.929050187335777,3.594635645469442
2,DALYs (Disability-Adjusted Life Years),102,United States of America,2,Female,27,Age-standardized,420,Liver cancer due to alcohol use,3,Rate,1998,5.18247983806548,5.909522863108788,4.4658255039573325
2,DALYs (Disability-Adjusted Life Years),102,United States of America,2,Female,27,Age-standardized,420,Liver cancer due to alcohol use,3,Rate,2008,6.492188606446638,7.463205162749389,5.546657258884232
2,DALYs (Disability-Adjusted Life Years),102,United States of America,2,Female,27,Age-standardized,420,Liver cancer due to alcohol use,3,Rate,1997,5.087623858692505,5.815489156532517,4.380542271669252
2,DALYs (Disability-Adjusted Life Years),102,United States of America,2,Female,27,Age-standardized,420,Liver cancer due to alcohol use,3,Rate,1999,5.327430290900845,6.082732165916925,4.583402927834601
2,DALYs (Disability-Adjusted Life Years),102,United States of America,2,Female,27,Age-standardized,420,Liver cancer due to alcohol use,3,Rate,2012,6.909649088923463,7.97760660937432,5.902364288377668
2,DALYs (Disability-Adjusted Life Years),102,United States of America,2,Female,27,Age-standardized,420,Liver cancer due to alcohol use,3,Rate,2002,5.634418027107443,6.410988051557394,4.8585434039701525
2,DALYs (Disability-Adjusted Life Years),102,United States of America,2,Female,27,Age-standardized,420,Liver cancer due to alcohol use,3,Rate,2001,5.541143483427253,6.322835327686108,4.762397106329597
2,DALYs (Disability-Adjusted Life Years),102,United States of America,2,Female,27,Age-standardized,420,Liver cancer due to alcohol use,3,Rate,2003,5.737043335685792,6.539174575798774,4.949979845967183
2,DALYs (Disability-Adjusted Life Years),102,United States of America,2,Female,27,Age-standardized,420,Liver cancer due to alcohol use,3,Rate,2005,5.991244247013863,6.8474326451218115,5.172510996690799
2,DALYs (Disability-Adjusted Life Years),102,United States of America,2,Female,27,Age-standardized,420,Liver cancer due to alcohol use,3,Rate,2016,7.357207103989488,8.58668369884352,6.166670218964326
2,DALYs (Disability-Adjusted Life Years),102,United States of America,2,Female,27,Age-standardized,420,Liver cancer due to alcohol use,3,Rate,2007,6.389168455444846,7.328575692365532,5.478439869108812
2,DALYs (Disability-Adjusted Life Years),102,United States of America,2,Female,27,Age-standardized,420,Liver cancer due to alcohol use,3,Rate,2006,6.215067577867157,7.125757400718797,5.331581281812471
2,DALYs (Disability-Adjusted Life Years),102,United States of America,2,Female,27,Age-standardized,420,Liver cancer due to alcohol use,3,Rate,2010,6.748012303059348,7.784881692385956,5.781250948115105
2,DALYs (Disability-Adjusted Life Years),102,United States of America,2,Female,27,Age-standardized,420,Liver cancer due to alcohol use,3,Rate,2009,6.635276977933548,7.633344477091673,5.667504062738163
2,DALYs (Disability-Adjusted Life Years),102,United States of America,2,Female,27,Age-standardized,420,Liver cancer due to alcohol use,3,Rate,2011,6.849345729269478,7.90221298865911,5.84647259741417
2,DALYs (Disability-Adjusted Life Years),102,United States of America,2,Female,27,Age-standardized,420,Liver cancer due to alcohol use,3,Rate,2015,7.21949029186855,8.391606645365455,6.072358243346775
2,DALYs (Disability-Adjusted Life Years),102,United States of America,2,Female,27,Age-standardized,420,Liver cancer due to alcohol use,3,Rate,2014,7.063929432267879,8.190506558148998,5.983784129932195
2,DALYs (Disability-Adjusted Life Years),102,United States of America,2,Female,27,Age-standardized,420,Liver cancer due to alcohol use,3,Rate,2013,6.942386810965315,8.014771715845436,5.920449110552918
2,DALYs (Disability-Adjusted Life Years),102,United States of America,2,Female,27,Age-standardized,420,Liver cancer due to alcohol use,3,Rate,2017,7.339214696182356,8.618381826152408,6.121777151642432
2,DALYs (Disability-Adjusted Life Years),102,United States of America,2,Female,27,Age-standardized,420,Liver cancer due to alcohol use,3,Rate,2019,7.429023358692391,8.86379076600508,6.119400702811749
2,DALYs (Disability-Adjusted Life Years),102,United States of America,2,Female,27,Age-standardized,420,Liver cancer due to alcohol use,3,Rate,2018,7.361141632644417,8.703532254610266,6.113450741692439
