measure_id,measure_name,location_id,location_name,sex_id,sex_name,age_id,age_name,cause_id,cause_name,metric_id,metric_name,year,val,upper,lower
2,DALYs (Disability-Adjusted Life Years),102,United States of America,2,Female,27,Age-standardized,418,Liver cancer due to hepatitis B,3,Rate,1990,4.293596984456822,4.920205704312163,3.719885544679762
2,DALYs (Disability-Adjusted Life Years),102,United States of America,2,Female,27,Age-standardized,418,Liver cancer due to hepatitis B,3,Rate,1993,4.482177112335221,5.095281957746018,3.9289149829947667
2,DALYs (Disability-Adjusted Life Years),102,United States of America,2,Female,27,Age-standardized,418,Liver cancer due to hepatitis B,3,Rate,1995,4.733827145888214,5.339594705743054,4.167485794889304
2,DALYs (Disability-Adjusted Life Years),102,United States of America,2,Female,27,Age-standardized,418,Liver cancer due to hepatitis B,3,Rate,1996,4.854458161547299,5.478870747266143,4.274502418148499
2,DALYs (Disability-Adjusted Life Years),102,United States of America,2,Female,27,Age-standardized,418,Liver cancer due to hepatitis B,3,Rate,1992,4.414089742507774,5.034146912611667,3.849152375094268
2,DALYs (Disability-Adjusted Life Years),102,United States of America,2,Female,27,Age-standardized,418,Liver cancer due to hepatitis B,3,Rate,1994,4.601571577115167,5.211182912611689,4.0417680674133845
2,DALYs (Disability-Adjusted Life Years),102,United States of America,2,Female,27,Age-standardized,418,Liver cancer due to hepatitis B,3,Rate,2000,5.461182932769814,6.161404142567396,4.811524463349793
2,DALYs (Disability-Adjusted Life Years),102,United States of America,2,Female,27,Age-standardized,418,Liver cancer due to hepatitis B,3,Rate,1991,4.33261828964518,4.936761063340074,3.7687879032200144
2,DALYs (Disability-Adjusted Life Years),102,United States of America,2,Female,27,Age-standardized,418,Liver cancer due to hepatitis B,3,Rate,2004,5.801889593589711,6.555539864059317,5.101608892560636
2,DALYs (Disability-Adjusted Life Years),102,United States of America,2,Female,27,Age-standardized,418,Liver cancer due to hepatitis B,3,Rate,1998,5.147000004404707,5.782202350773979,4.541559784199249
2,DALYs (Disability-Adjusted Life Years),102,United States of America,2,Female,27,Age-standardized,418,Liver cancer due to hepatitis B,3,Rate,2008,6.319381211994952,7.130741327237581,5.525374422443873
2,DALYs (Disability-Adjusted Life Years),102,United States of America,2,Female,27,Age-standardized,418,Liver cancer due to hepatitis B,3,Rate,1997,5.0046274629960585,5.638991961183401,4.408512015328881
2,DALYs (Disability-Adjusted Life Years),102,United States of America,2,Female,27,Age-standardized,418,Liver cancer due to hepatitis B,3,Rate,2012,6.557392834319793,7.435972871332654,5.749228869138525
2,DALYs (Disability-Adjusted Life Years),102,United States of America,2,Female,27,Age-standardized,418,Liver cancer due to hepatitis B,3,Rate,1999,5.324806610030051,6.015169479555496,4.699610568221082
2,DALYs (Disability-Adjusted Life Years),102,United States of America,2,Female,27,Age-standardized,418,Liver cancer due to hepatitis B,3,Rate,2002,5.640971346014845,6.376783390821125,4.970359080565626
2,DALYs (Disability-Adjusted Life Years),102,United States of America,2,Female,27,Age-standardized,418,Liver cancer due to hepatitis B,3,Rate,2001,5.551535647765225,6.277530235500024,4.889418493971037
2,DALYs (Disability-Adjusted Life Years),102,United States of America,2,Female,27,Age-standardized,418,Liver cancer due to hepatitis B,3,Rate,2005,5.953445150744031,6.724169969942067,5.2444331481726065
2,DALYs (Disability-Adjusted Life Years),102,United States of America,2,Female,27,Age-standardized,418,Liver cancer due to hepatitis B,3,Rate,2016,6.90059691016286,7.958367258813286,5.9593638228068295
2,DALYs (Disability-Adjusted Life Years),102,United States of America,2,Female,27,Age-standardized,418,Liver cancer due to hepatitis B,3,Rate,2007,6.287607160751546,7.061572801085233,5.492428288256328
2,DALYs (Disability-Adjusted Life Years),102,United States of America,2,Female,27,Age-standardized,418,Liver cancer due to hepatitis B,3,Rate,2003,5.741861124342107,6.465649031170717,5.054133373986816
2,DALYs (Disability-Adjusted Life Years),102,United States of America,2,Female,27,Age-standardized,418,Liver cancer due to hepatitis B,3,Rate,2006,6.157061063781971,6.945520360827856,5.41690346568419
2,DALYs (Disability-Adjusted Life Years),102,United States of America,2,Female,27,Age-standardized,418,Liver cancer due to hepatitis B,3,Rate,2010,6.466996949663593,7.316013536821305,5.652186274363422
2,DALYs (Disability-Adjusted Life Years),102,United States of America,2,Female,27,Age-standardized,418,Liver cancer due to hepatitis B,3,Rate,2009,6.413196099422442,7.267092005178576,5.615653483781185
2,DALYs (Disability-Adjusted Life Years),102,United States of America,2,Female,27,Age-standardized,418,Liver cancer due to hepatitis B,3,Rate,2011,6.529248999385676,7.401301728053556,5.7232532869069805
2,DALYs (Disability-Adjusted Life Years),102,United States of America,2,Female,27,Age-standardized,418,Liver cancer due to hepatitis B,3,Rate,2015,6.794935448972254,7.748201090324693,5.942210405438037
2,DALYs (Disability-Adjusted Life Years),102,United States of America,2,Female,27,Age-standardized,418,Liver cancer due to hepatitis B,3,Rate,2014,6.655802394879456,7.601339169023589,5.786429961721046
2,DALYs (Disability-Adjusted Life Years),102,United States of America,2,Female,27,Age-standardized,418,Liver cancer due to hepatitis B,3,Rate,2013,6.5591046907061665,7.5041540421259425,5.725580062601061
2,DALYs (Disability-Adjusted Life Years),102,United States of America,2,Female,27,Age-standardized,418,Liver cancer due to hepatitis B,3,Rate,2017,6.864616687259322,7.9676413298467565,5.885102608957652
2,DALYs (Disability-Adjusted Life Years),102,United States of America,2,Female,27,Age-standardized,418,Liver cancer due to hepatitis B,3,Rate,2019,6.734640789508434,7.913889468223664,5.724923597427293
2,DALYs (Disability-Adjusted Life Years),102,United States of America,2,Female,27,Age-standardized,418,Liver cancer due to hepatitis B,3,Rate,2018,6.804711515095892,7.931280002374379,5.781797841348204
