measure_id,measure_name,location_id,location_name,sex_id,sex_name,age_id,age_name,cause_id,cause_name,metric_id,metric_name,year,val,upper,lower
2,DALYs (Disability-Adjusted Life Years),38,Mongolia,1,Male,27,Age-standardized,419,Liver cancer due to hepatitis C,3,Rate,1990,577.422275992261,873.9045753495725,363.6713815278119
2,DALYs (Disability-Adjusted Life Years),38,Mongolia,1,Male,27,Age-standardized,419,Liver cancer due to hepatitis C,3,Rate,1993,578.4676024893056,846.5613600995435,365.1929316954094
2,DALYs (Disability-Adjusted Life Years),38,Mongolia,1,Male,27,Age-standardized,419,Liver cancer due to hepatitis C,3,Rate,1992,576.600643844104,844.1712576976255,363.1504257284924
2,DALYs (Disability-Adjusted Life Years),38,Mongolia,1,Male,27,Age-standardized,419,Liver cancer due to hepatitis C,3,Rate,1998,618.0253361497138,891.3398297294881,384.15983049409107
2,DALYs (Disability-Adjusted Life Years),38,Mongolia,1,Male,27,Age-standardized,419,Liver cancer due to hepatitis C,3,Rate,1991,583.0703251056416,863.6720249884003,367.7135005227789
2,DALYs (Disability-Adjusted Life Years),38,Mongolia,1,Male,27,Age-standardized,419,Liver cancer due to hepatitis C,3,Rate,1994,582.9437052124384,858.9168740994695,368.74265442658776
2,DALYs (Disability-Adjusted Life Years),38,Mongolia,1,Male,27,Age-standardized,419,Liver cancer due to hepatitis C,3,Rate,2002,730.0212420311947,1054.5820304066415,466.6360628019913
2,DALYs (Disability-Adjusted Life Years),38,Mongolia,1,Male,27,Age-standardized,419,Liver cancer due to hepatitis C,3,Rate,1995,592.7346926126673,886.5752328785177,372.55622299089544
2,DALYs (Disability-Adjusted Life Years),38,Mongolia,1,Male,27,Age-standardized,419,Liver cancer due to hepatitis C,3,Rate,2006,796.7153253316584,1139.718378281536,522.0183935796358
2,DALYs (Disability-Adjusted Life Years),38,Mongolia,1,Male,27,Age-standardized,419,Liver cancer due to hepatitis C,3,Rate,2010,801.376830865015,1141.7183975505754,534.1155633920697
2,DALYs (Disability-Adjusted Life Years),38,Mongolia,1,Male,27,Age-standardized,419,Liver cancer due to hepatitis C,3,Rate,1997,604.6222071838486,885.979358676531,378.27396567284296
2,DALYs (Disability-Adjusted Life Years),38,Mongolia,1,Male,27,Age-standardized,419,Liver cancer due to hepatitis C,3,Rate,1999,633.305813499055,918.9049982808348,398.94072345423973
2,DALYs (Disability-Adjusted Life Years),38,Mongolia,1,Male,27,Age-standardized,419,Liver cancer due to hepatitis C,3,Rate,2000,658.1012703450485,957.2877590566933,417.07052215666886
2,DALYs (Disability-Adjusted Life Years),38,Mongolia,1,Male,27,Age-standardized,419,Liver cancer due to hepatitis C,3,Rate,1996,601.2653713197172,897.76524237891,377.97333349551354
2,DALYs (Disability-Adjusted Life Years),38,Mongolia,1,Male,27,Age-standardized,419,Liver cancer due to hepatitis C,3,Rate,2014,740.4047552323937,1080.7493787363474,483.3776916469739
2,DALYs (Disability-Adjusted Life Years),38,Mongolia,1,Male,27,Age-standardized,419,Liver cancer due to hepatitis C,3,Rate,2001,695.2621510088594,1000.2215741367178,438.46708289300733
2,DALYs (Disability-Adjusted Life Years),38,Mongolia,1,Male,27,Age-standardized,419,Liver cancer due to hepatitis C,3,Rate,2005,788.9796501812544,1137.6760123811457,514.3331706141652
2,DALYs (Disability-Adjusted Life Years),38,Mongolia,1,Male,27,Age-standardized,419,Liver cancer due to hepatitis C,3,Rate,2018,681.862213821271,1011.7130608084441,438.8439109792823
2,DALYs (Disability-Adjusted Life Years),38,Mongolia,1,Male,27,Age-standardized,419,Liver cancer due to hepatitis C,3,Rate,2003,758.9732142424101,1091.1605179934702,488.132264786424
2,DALYs (Disability-Adjusted Life Years),38,Mongolia,1,Male,27,Age-standardized,419,Liver cancer due to hepatitis C,3,Rate,2004,775.2528167145149,1110.9398869199094,501.89940390441365
2,DALYs (Disability-Adjusted Life Years),38,Mongolia,1,Male,27,Age-standardized,419,Liver cancer due to hepatitis C,3,Rate,2007,802.9996464961677,1141.3957741681095,529.2419072699041
2,DALYs (Disability-Adjusted Life Years),38,Mongolia,1,Male,27,Age-standardized,419,Liver cancer due to hepatitis C,3,Rate,2009,797.7806589861499,1130.1054908317838,525.5115803460227
2,DALYs (Disability-Adjusted Life Years),38,Mongolia,1,Male,27,Age-standardized,419,Liver cancer due to hepatitis C,3,Rate,2012,772.4156575794983,1112.2856173723087,511.6727966470216
2,DALYs (Disability-Adjusted Life Years),38,Mongolia,1,Male,27,Age-standardized,419,Liver cancer due to hepatitis C,3,Rate,2008,798.5011338726342,1133.150546592348,522.9189183079114
2,DALYs (Disability-Adjusted Life Years),38,Mongolia,1,Male,27,Age-standardized,419,Liver cancer due to hepatitis C,3,Rate,2011,789.31630687883,1133.8377923824232,531.5079860912288
2,DALYs (Disability-Adjusted Life Years),38,Mongolia,1,Male,27,Age-standardized,419,Liver cancer due to hepatitis C,3,Rate,2015,725.1825051408414,1064.2175865146667,464.96268346191266
2,DALYs (Disability-Adjusted Life Years),38,Mongolia,1,Male,27,Age-standardized,419,Liver cancer due to hepatitis C,3,Rate,2017,692.9001194925423,1058.530540363713,436.38514774204054
2,DALYs (Disability-Adjusted Life Years),38,Mongolia,1,Male,27,Age-standardized,419,Liver cancer due to hepatitis C,3,Rate,2013,755.4496776221272,1097.4079638186493,496.3058689752331
2,DALYs (Disability-Adjusted Life Years),38,Mongolia,1,Male,27,Age-standardized,419,Liver cancer due to hepatitis C,3,Rate,2019,673.7710141329197,995.458036781894,427.0420137220343
2,DALYs (Disability-Adjusted Life Years),38,Mongolia,1,Male,27,Age-standardized,419,Liver cancer due to hepatitis C,3,Rate,2016,708.562406292395,1061.8992765934443,452.46538287344407
