measure_id,measure_name,location_id,location_name,sex_id,sex_name,age_id,age_name,cause_id,cause_name,metric_id,metric_name,year,val,upper,lower
2,DALYs (Disability-Adjusted Life Years),38,Mongolia,2,Female,27,Age-standardized,418,Liver cancer due to hepatitis B,3,Rate,1990,269.6431349259425,400.3704329725249,172.23950959242765
2,DALYs (Disability-Adjusted Life Years),38,Mongolia,2,Female,27,Age-standardized,418,Liver cancer due to hepatitis B,3,Rate,1992,272.86422729230895,394.3921715449353,182.56132234687917
2,DALYs (Disability-Adjusted Life Years),38,Mongolia,2,Female,27,Age-standardized,418,Liver cancer due to hepatitis B,3,Rate,1993,273.0887882168481,394.4587833773213,186.54435211890043
2,DALYs (Disability-Adjusted Life Years),38,Mongolia,2,Female,27,Age-standardized,418,Liver cancer due to hepatitis B,3,Rate,1991,272.52716149181754,397.1572072645555,177.60090400114828
2,DALYs (Disability-Adjusted Life Years),38,Mongolia,2,Female,27,Age-standardized,418,Liver cancer due to hepatitis B,3,Rate,1998,290.92888372072383,428.59158175815435,195.51952313449183
2,DALYs (Disability-Adjusted Life Years),38,Mongolia,2,Female,27,Age-standardized,418,Liver cancer due to hepatitis B,3,Rate,1994,272.5937404703339,394.26467174358885,185.8235929119411
2,DALYs (Disability-Adjusted Life Years),38,Mongolia,2,Female,27,Age-standardized,418,Liver cancer due to hepatitis B,3,Rate,2002,383.59181046831156,564.4968285115156,252.038394677477
2,DALYs (Disability-Adjusted Life Years),38,Mongolia,2,Female,27,Age-standardized,418,Liver cancer due to hepatitis B,3,Rate,1995,279.49467437226383,400.83533809318567,190.22899199252907
2,DALYs (Disability-Adjusted Life Years),38,Mongolia,2,Female,27,Age-standardized,418,Liver cancer due to hepatitis B,3,Rate,2006,469.6168813723812,682.032837153228,309.3089948136181
2,DALYs (Disability-Adjusted Life Years),38,Mongolia,2,Female,27,Age-standardized,418,Liver cancer due to hepatitis B,3,Rate,2010,501.0103589072246,726.6797704301138,338.58410014676457
2,DALYs (Disability-Adjusted Life Years),38,Mongolia,2,Female,27,Age-standardized,418,Liver cancer due to hepatitis B,3,Rate,1997,287.3414942783143,417.9381784319778,192.82614805507743
2,DALYs (Disability-Adjusted Life Years),38,Mongolia,2,Female,27,Age-standardized,418,Liver cancer due to hepatitis B,3,Rate,1999,301.9948985611883,445.53855900067083,201.65065548167965
2,DALYs (Disability-Adjusted Life Years),38,Mongolia,2,Female,27,Age-standardized,418,Liver cancer due to hepatitis B,3,Rate,2000,323.7639278406078,479.77736247786595,216.59750043667069
2,DALYs (Disability-Adjusted Life Years),38,Mongolia,2,Female,27,Age-standardized,418,Liver cancer due to hepatitis B,3,Rate,2014,450.2067990331429,662.8621937837129,296.2921288448365
2,DALYs (Disability-Adjusted Life Years),38,Mongolia,2,Female,27,Age-standardized,418,Liver cancer due to hepatitis B,3,Rate,1996,283.1107999430302,416.4052475886431,194.0573088876895
2,DALYs (Disability-Adjusted Life Years),38,Mongolia,2,Female,27,Age-standardized,418,Liver cancer due to hepatitis B,3,Rate,2005,452.3820194819386,659.429237383534,298.5296384509361
2,DALYs (Disability-Adjusted Life Years),38,Mongolia,2,Female,27,Age-standardized,418,Liver cancer due to hepatitis B,3,Rate,2018,424.47475707364805,633.1581178168772,272.7142612703394
2,DALYs (Disability-Adjusted Life Years),38,Mongolia,2,Female,27,Age-standardized,418,Liver cancer due to hepatitis B,3,Rate,2004,432.1329759454689,629.3750246939576,283.1790879212694
2,DALYs (Disability-Adjusted Life Years),38,Mongolia,2,Female,27,Age-standardized,418,Liver cancer due to hepatitis B,3,Rate,2001,355.3669656854867,527.6221533404458,234.45911556162864
2,DALYs (Disability-Adjusted Life Years),38,Mongolia,2,Female,27,Age-standardized,418,Liver cancer due to hepatitis B,3,Rate,2003,409.54252827378406,596.861860324083,267.35118374784065
2,DALYs (Disability-Adjusted Life Years),38,Mongolia,2,Female,27,Age-standardized,418,Liver cancer due to hepatitis B,3,Rate,2007,480.3655184336627,700.2200631059011,318.7694103040127
2,DALYs (Disability-Adjusted Life Years),38,Mongolia,2,Female,27,Age-standardized,418,Liver cancer due to hepatitis B,3,Rate,2009,493.4093833933521,711.2679996318354,335.1915808870046
2,DALYs (Disability-Adjusted Life Years),38,Mongolia,2,Female,27,Age-standardized,418,Liver cancer due to hepatitis B,3,Rate,2008,485.3344092042658,691.8916149841783,326.40406530921246
2,DALYs (Disability-Adjusted Life Years),38,Mongolia,2,Female,27,Age-standardized,418,Liver cancer due to hepatitis B,3,Rate,2011,490.7012345484128,707.1320405110099,327.6949621263951
2,DALYs (Disability-Adjusted Life Years),38,Mongolia,2,Female,27,Age-standardized,418,Liver cancer due to hepatitis B,3,Rate,2012,476.686730079604,682.6580238931188,315.4624626720311
2,DALYs (Disability-Adjusted Life Years),38,Mongolia,2,Female,27,Age-standardized,418,Liver cancer due to hepatitis B,3,Rate,2013,463.14904114742933,668.0336965310435,305.6507966981663
2,DALYs (Disability-Adjusted Life Years),38,Mongolia,2,Female,27,Age-standardized,418,Liver cancer due to hepatitis B,3,Rate,2015,442.179514861975,660.5135166020063,285.26626404513024
2,DALYs (Disability-Adjusted Life Years),38,Mongolia,2,Female,27,Age-standardized,418,Liver cancer due to hepatitis B,3,Rate,2019,413.75671228046014,614.8439348579631,265.34927839413706
2,DALYs (Disability-Adjusted Life Years),38,Mongolia,2,Female,27,Age-standardized,418,Liver cancer due to hepatitis B,3,Rate,2017,433.8600624379827,646.4030451076396,278.2912865528944
2,DALYs (Disability-Adjusted Life Years),38,Mongolia,2,Female,27,Age-standardized,418,Liver cancer due to hepatitis B,3,Rate,2016,439.08532402641873,653.4759383386595,286.1875798823125
