measure_id,measure_name,location_id,location_name,sex_id,sex_name,age_id,age_name,cause_id,cause_name,metric_id,metric_name,year,val,upper,lower
2,DALYs (Disability-Adjusted Life Years),38,Mongolia,2,Female,27,Age-standardized,996,Liver cancer due to NASH,3,Rate,1993,77.12485855151603,115.98473591559438,50.88385158102416
2,DALYs (Disability-Adjusted Life Years),38,Mongolia,2,Female,27,Age-standardized,996,Liver cancer due to NASH,3,Rate,1990,74.6905746209468,118.14650376132721,45.773741537075274
2,DALYs (Disability-Adjusted Life Years),38,Mongolia,2,Female,27,Age-standardized,996,Liver cancer due to NASH,3,Rate,1995,80.03495053524347,119.80369478137064,50.75468324604193
2,DALYs (Disability-Adjusted Life Years),38,Mongolia,2,Female,27,Age-standardized,996,Liver cancer due to NASH,3,Rate,1992,76.62196517863043,118.48058129544756,49.54199108162053
2,DALYs (Disability-Adjusted Life Years),38,Mongolia,2,Female,27,Age-standardized,996,Liver cancer due to NASH,3,Rate,2000,103.81697508510166,157.83334495956214,64.94204387584449
2,DALYs (Disability-Adjusted Life Years),38,Mongolia,2,Female,27,Age-standardized,996,Liver cancer due to NASH,3,Rate,1996,82.01931787250568,122.62699290341041,52.2496398262245
2,DALYs (Disability-Adjusted Life Years),38,Mongolia,2,Female,27,Age-standardized,996,Liver cancer due to NASH,3,Rate,1994,77.47907576346749,116.42660903274903,50.063155676563994
2,DALYs (Disability-Adjusted Life Years),38,Mongolia,2,Female,27,Age-standardized,996,Liver cancer due to NASH,3,Rate,2004,158.0787872579733,235.6392778216171,103.0644566077364
2,DALYs (Disability-Adjusted Life Years),38,Mongolia,2,Female,27,Age-standardized,996,Liver cancer due to NASH,3,Rate,2008,193.62213284234028,286.6030092055983,129.25514492687321
2,DALYs (Disability-Adjusted Life Years),38,Mongolia,2,Female,27,Age-standardized,996,Liver cancer due to NASH,3,Rate,1991,75.78652551043362,118.51310616994577,47.45486176671282
2,DALYs (Disability-Adjusted Life Years),38,Mongolia,2,Female,27,Age-standardized,996,Liver cancer due to NASH,3,Rate,1998,87.24024563095004,133.6841023193142,55.41226025821772
2,DALYs (Disability-Adjusted Life Years),38,Mongolia,2,Female,27,Age-standardized,996,Liver cancer due to NASH,3,Rate,1997,84.43102270451483,128.85381040616798,53.75504209322209
2,DALYs (Disability-Adjusted Life Years),38,Mongolia,2,Female,27,Age-standardized,996,Liver cancer due to NASH,3,Rate,1999,93.36148346474667,142.09997254890453,59.23222978593052
2,DALYs (Disability-Adjusted Life Years),38,Mongolia,2,Female,27,Age-standardized,996,Liver cancer due to NASH,3,Rate,2012,200.40944710555735,297.80148093584575,130.5294192211874
2,DALYs (Disability-Adjusted Life Years),38,Mongolia,2,Female,27,Age-standardized,996,Liver cancer due to NASH,3,Rate,2003,144.7919467353767,215.6368651063863,93.77779749186993
2,DALYs (Disability-Adjusted Life Years),38,Mongolia,2,Female,27,Age-standardized,996,Liver cancer due to NASH,3,Rate,2002,130.64977062257594,195.3795407357907,83.47442193809265
2,DALYs (Disability-Adjusted Life Years),38,Mongolia,2,Female,27,Age-standardized,996,Liver cancer due to NASH,3,Rate,2016,186.96155516829006,277.7018928716279,119.11859742983017
2,DALYs (Disability-Adjusted Life Years),38,Mongolia,2,Female,27,Age-standardized,996,Liver cancer due to NASH,3,Rate,2001,117.21824530221558,175.096244833842,73.90123058307005
2,DALYs (Disability-Adjusted Life Years),38,Mongolia,2,Female,27,Age-standardized,996,Liver cancer due to NASH,3,Rate,2005,169.99926845515736,251.68574590358466,109.0674249493844
2,DALYs (Disability-Adjusted Life Years),38,Mongolia,2,Female,27,Age-standardized,996,Liver cancer due to NASH,3,Rate,2007,187.81956045210842,279.0542670516605,125.42662556709082
2,DALYs (Disability-Adjusted Life Years),38,Mongolia,2,Female,27,Age-standardized,996,Liver cancer due to NASH,3,Rate,2006,180.2515594510444,266.94405883301397,118.1558206140714
2,DALYs (Disability-Adjusted Life Years),38,Mongolia,2,Female,27,Age-standardized,996,Liver cancer due to NASH,3,Rate,2010,206.98389812818584,304.81020949398726,133.8826943348174
2,DALYs (Disability-Adjusted Life Years),38,Mongolia,2,Female,27,Age-standardized,996,Liver cancer due to NASH,3,Rate,2009,200.84611431302446,294.43055641374144,131.83694706365756
2,DALYs (Disability-Adjusted Life Years),38,Mongolia,2,Female,27,Age-standardized,996,Liver cancer due to NASH,3,Rate,2011,204.48044594586395,302.3982913004275,132.90285395930877
2,DALYs (Disability-Adjusted Life Years),38,Mongolia,2,Female,27,Age-standardized,996,Liver cancer due to NASH,3,Rate,2015,189.78592488838535,287.25335253054925,122.81010038592729
2,DALYs (Disability-Adjusted Life Years),38,Mongolia,2,Female,27,Age-standardized,996,Liver cancer due to NASH,3,Rate,2013,196.77795591450086,292.4259312669684,128.90238651087898
2,DALYs (Disability-Adjusted Life Years),38,Mongolia,2,Female,27,Age-standardized,996,Liver cancer due to NASH,3,Rate,2014,192.68508868477969,287.02507538244265,126.10574510922733
2,DALYs (Disability-Adjusted Life Years),38,Mongolia,2,Female,27,Age-standardized,996,Liver cancer due to NASH,3,Rate,2017,182.9504828257975,276.6657834303943,114.76394136945426
2,DALYs (Disability-Adjusted Life Years),38,Mongolia,2,Female,27,Age-standardized,996,Liver cancer due to NASH,3,Rate,2019,180.79336034339093,275.7074795063765,116.85680067583492
2,DALYs (Disability-Adjusted Life Years),38,Mongolia,2,Female,27,Age-standardized,996,Liver cancer due to NASH,3,Rate,2018,180.67449581708635,271.9410937251782,114.7748007531314
