measure_id,measure_name,location_id,location_name,sex_id,sex_name,age_id,age_name,cause_id,cause_name,metric_id,metric_name,year,val,upper,lower
2,DALYs (Disability-Adjusted Life Years),38,Mongolia,1,Male,27,Age-standardized,420,Liver cancer due to alcohol use,3,Rate,1993,824.4534891513287,1160.0911682973438,537.8866964442753
2,DALYs (Disability-Adjusted Life Years),38,Mongolia,1,Male,27,Age-standardized,420,Liver cancer due to alcohol use,3,Rate,1990,782.8212036595113,1110.6361783331804,482.22530733131475
2,DALYs (Disability-Adjusted Life Years),38,Mongolia,1,Male,27,Age-standardized,420,Liver cancer due to alcohol use,3,Rate,1992,808.7844634698147,1148.1677579392965,530.2111303263838
2,DALYs (Disability-Adjusted Life Years),38,Mongolia,1,Male,27,Age-standardized,420,Liver cancer due to alcohol use,3,Rate,1991,803.23557434671,1130.4600737612548,510.6466201896498
2,DALYs (Disability-Adjusted Life Years),38,Mongolia,1,Male,27,Age-standardized,420,Liver cancer due to alcohol use,3,Rate,1998,908.7253066457631,1304.1273291620735,594.9023609060191
2,DALYs (Disability-Adjusted Life Years),38,Mongolia,1,Male,27,Age-standardized,420,Liver cancer due to alcohol use,3,Rate,1994,841.5160244964774,1186.0131432628943,546.4465808557921
2,DALYs (Disability-Adjusted Life Years),38,Mongolia,1,Male,27,Age-standardized,420,Liver cancer due to alcohol use,3,Rate,2002,1086.4506097465153,1531.9353463812959,703.5015105424206
2,DALYs (Disability-Adjusted Life Years),38,Mongolia,1,Male,27,Age-standardized,420,Liver cancer due to alcohol use,3,Rate,2006,1240.3554661280707,1686.5294188874495,830.81117345452
2,DALYs (Disability-Adjusted Life Years),38,Mongolia,1,Male,27,Age-standardized,420,Liver cancer due to alcohol use,3,Rate,1995,862.8031480333701,1206.4754421437517,567.8577712739476
2,DALYs (Disability-Adjusted Life Years),38,Mongolia,1,Male,27,Age-standardized,420,Liver cancer due to alcohol use,3,Rate,2010,1358.0904515056247,1839.8022666938602,937.0858537620361
2,DALYs (Disability-Adjusted Life Years),38,Mongolia,1,Male,27,Age-standardized,420,Liver cancer due to alcohol use,3,Rate,1997,886.2362758129393,1260.0969081669866,580.2830099730775
2,DALYs (Disability-Adjusted Life Years),38,Mongolia,1,Male,27,Age-standardized,420,Liver cancer due to alcohol use,3,Rate,1996,877.4616679597743,1250.525315942568,584.6414528277697
2,DALYs (Disability-Adjusted Life Years),38,Mongolia,1,Male,27,Age-standardized,420,Liver cancer due to alcohol use,3,Rate,1999,933.9980058876788,1331.763752938513,606.0509654913936
2,DALYs (Disability-Adjusted Life Years),38,Mongolia,1,Male,27,Age-standardized,420,Liver cancer due to alcohol use,3,Rate,2000,971.0566633249069,1350.0453446774743,636.9932531482408
2,DALYs (Disability-Adjusted Life Years),38,Mongolia,1,Male,27,Age-standardized,420,Liver cancer due to alcohol use,3,Rate,2014,1319.1315087179173,1858.995295914535,897.5676646681806
2,DALYs (Disability-Adjusted Life Years),38,Mongolia,1,Male,27,Age-standardized,420,Liver cancer due to alcohol use,3,Rate,2005,1211.884735958163,1655.1116165330118,803.0130543712929
2,DALYs (Disability-Adjusted Life Years),38,Mongolia,1,Male,27,Age-standardized,420,Liver cancer due to alcohol use,3,Rate,2004,1176.6606286288395,1607.8680136437322,768.7196209791883
2,DALYs (Disability-Adjusted Life Years),38,Mongolia,1,Male,27,Age-standardized,420,Liver cancer due to alcohol use,3,Rate,2001,1028.592887264828,1434.918515758229,665.3399380082371
2,DALYs (Disability-Adjusted Life Years),38,Mongolia,1,Male,27,Age-standardized,420,Liver cancer due to alcohol use,3,Rate,2018,1287.5905577063975,1843.377620374244,866.2280666987468
2,DALYs (Disability-Adjusted Life Years),38,Mongolia,1,Male,27,Age-standardized,420,Liver cancer due to alcohol use,3,Rate,2003,1138.275193490112,1580.9786194085082,734.5100596508767
2,DALYs (Disability-Adjusted Life Years),38,Mongolia,1,Male,27,Age-standardized,420,Liver cancer due to alcohol use,3,Rate,2007,1272.5464572828353,1726.105829408944,866.0043963840144
2,DALYs (Disability-Adjusted Life Years),38,Mongolia,1,Male,27,Age-standardized,420,Liver cancer due to alcohol use,3,Rate,2009,1335.1155202415814,1815.5899909872726,911.8764525221484
2,DALYs (Disability-Adjusted Life Years),38,Mongolia,1,Male,27,Age-standardized,420,Liver cancer due to alcohol use,3,Rate,2008,1300.2872709603262,1770.8247776225035,887.8018912527198
2,DALYs (Disability-Adjusted Life Years),38,Mongolia,1,Male,27,Age-standardized,420,Liver cancer due to alcohol use,3,Rate,2012,1346.3647475901316,1867.6768011479858,919.3039354759406
2,DALYs (Disability-Adjusted Life Years),38,Mongolia,1,Male,27,Age-standardized,420,Liver cancer due to alcohol use,3,Rate,2015,1305.8786286514514,1861.354862189993,876.8704040052137
2,DALYs (Disability-Adjusted Life Years),38,Mongolia,1,Male,27,Age-standardized,420,Liver cancer due to alcohol use,3,Rate,2011,1354.0642379350993,1840.742266909964,937.6540940360462
2,DALYs (Disability-Adjusted Life Years),38,Mongolia,1,Male,27,Age-standardized,420,Liver cancer due to alcohol use,3,Rate,2013,1333.063735242508,1846.6165713291457,901.2051548604406
2,DALYs (Disability-Adjusted Life Years),38,Mongolia,1,Male,27,Age-standardized,420,Liver cancer due to alcohol use,3,Rate,2017,1290.2912361248807,1854.1360870743483,871.9842043907579
2,DALYs (Disability-Adjusted Life Years),38,Mongolia,1,Male,27,Age-standardized,420,Liver cancer due to alcohol use,3,Rate,2016,1299.8470980009326,1882.1566066055552,873.2577272360785
2,DALYs (Disability-Adjusted Life Years),38,Mongolia,1,Male,27,Age-standardized,420,Liver cancer due to alcohol use,3,Rate,2019,1294.367918126642,1835.2752155459389,866.459212762405
