measure_id,measure_name,location_id,location_name,sex_id,sex_name,age_id,age_name,cause_id,cause_name,metric_id,metric_name,year,val,upper,lower
2,DALYs (Disability-Adjusted Life Years),38,Mongolia,2,Female,27,Age-standardized,419,Liver cancer due to hepatitis C,3,Rate,1990,438.96480866461604,617.0149125730806,291.9750252120167
2,DALYs (Disability-Adjusted Life Years),38,Mongolia,2,Female,27,Age-standardized,419,Liver cancer due to hepatitis C,3,Rate,1993,434.46827455531167,589.5224194650401,303.65719005481094
2,DALYs (Disability-Adjusted Life Years),38,Mongolia,2,Female,27,Age-standardized,419,Liver cancer due to hepatitis C,3,Rate,1992,437.94049602207633,593.9914587689314,305.5991029789417
2,DALYs (Disability-Adjusted Life Years),38,Mongolia,2,Female,27,Age-standardized,419,Liver cancer due to hepatitis C,3,Rate,1991,439.1741714741976,611.7559364526554,303.0068337192955
2,DALYs (Disability-Adjusted Life Years),38,Mongolia,2,Female,27,Age-standardized,419,Liver cancer due to hepatitis C,3,Rate,1998,463.68696607589027,641.3093957222507,311.39383650838926
2,DALYs (Disability-Adjusted Life Years),38,Mongolia,2,Female,27,Age-standardized,419,Liver cancer due to hepatitis C,3,Rate,1994,431.61425058288427,587.4597923238089,297.01185859366853
2,DALYs (Disability-Adjusted Life Years),38,Mongolia,2,Female,27,Age-standardized,419,Liver cancer due to hepatitis C,3,Rate,2002,677.3866776032035,942.3911304454663,460.81520054958173
2,DALYs (Disability-Adjusted Life Years),38,Mongolia,2,Female,27,Age-standardized,419,Liver cancer due to hepatitis C,3,Rate,1995,442.3828701221707,609.1263970220599,302.9342792117242
2,DALYs (Disability-Adjusted Life Years),38,Mongolia,2,Female,27,Age-standardized,419,Liver cancer due to hepatitis C,3,Rate,2006,911.8565562993298,1205.7885851650526,648.1165771786885
2,DALYs (Disability-Adjusted Life Years),38,Mongolia,2,Female,27,Age-standardized,419,Liver cancer due to hepatitis C,3,Rate,1997,455.3103400982224,631.6363992428727,310.37758385566406
2,DALYs (Disability-Adjusted Life Years),38,Mongolia,2,Female,27,Age-standardized,419,Liver cancer due to hepatitis C,3,Rate,2010,995.5791942725718,1306.966672057203,708.9998738660092
2,DALYs (Disability-Adjusted Life Years),38,Mongolia,2,Female,27,Age-standardized,419,Liver cancer due to hepatitis C,3,Rate,1999,490.65150869885144,686.6391366403299,326.2776397917735
2,DALYs (Disability-Adjusted Life Years),38,Mongolia,2,Female,27,Age-standardized,419,Liver cancer due to hepatitis C,3,Rate,2000,542.6860582107005,766.9497101054885,359.40949321584156
2,DALYs (Disability-Adjusted Life Years),38,Mongolia,2,Female,27,Age-standardized,419,Liver cancer due to hepatitis C,3,Rate,2014,878.8827193847972,1164.3382433377988,612.9101746303951
2,DALYs (Disability-Adjusted Life Years),38,Mongolia,2,Female,27,Age-standardized,419,Liver cancer due to hepatitis C,3,Rate,1996,448.6653439984568,621.8377287824565,308.09651718365575
2,DALYs (Disability-Adjusted Life Years),38,Mongolia,2,Female,27,Age-standardized,419,Liver cancer due to hepatitis C,3,Rate,2001,610.8499472242855,860.2426659784768,407.7706205650261
2,DALYs (Disability-Adjusted Life Years),38,Mongolia,2,Female,27,Age-standardized,419,Liver cancer due to hepatitis C,3,Rate,2018,812.9853986782936,1097.099044640249,549.8127975495254
2,DALYs (Disability-Adjusted Life Years),38,Mongolia,2,Female,27,Age-standardized,419,Liver cancer due to hepatitis C,3,Rate,2003,746.3561220591419,1016.7278994058121,514.9174097041225
2,DALYs (Disability-Adjusted Life Years),38,Mongolia,2,Female,27,Age-standardized,419,Liver cancer due to hepatitis C,3,Rate,2005,866.8899271322273,1150.7681814864927,616.0801233219354
2,DALYs (Disability-Adjusted Life Years),38,Mongolia,2,Female,27,Age-standardized,419,Liver cancer due to hepatitis C,3,Rate,2004,810.2080923001093,1082.2158979449111,568.0883191199216
2,DALYs (Disability-Adjusted Life Years),38,Mongolia,2,Female,27,Age-standardized,419,Liver cancer due to hepatitis C,3,Rate,2007,939.5081622010896,1232.7270394059303,673.8742627006097
2,DALYs (Disability-Adjusted Life Years),38,Mongolia,2,Female,27,Age-standardized,419,Liver cancer due to hepatitis C,3,Rate,2009,977.1294238790513,1278.5828869866214,705.2853380600134
2,DALYs (Disability-Adjusted Life Years),38,Mongolia,2,Female,27,Age-standardized,419,Liver cancer due to hepatitis C,3,Rate,2008,955.3197276777271,1240.6920959164343,692.3615869712751
2,DALYs (Disability-Adjusted Life Years),38,Mongolia,2,Female,27,Age-standardized,419,Liver cancer due to hepatitis C,3,Rate,2015,859.2171792936767,1141.7790198155137,592.5408020602446
2,DALYs (Disability-Adjusted Life Years),38,Mongolia,2,Female,27,Age-standardized,419,Liver cancer due to hepatitis C,3,Rate,2012,937.5971524350983,1221.048718023258,662.5570334315231
2,DALYs (Disability-Adjusted Life Years),38,Mongolia,2,Female,27,Age-standardized,419,Liver cancer due to hepatitis C,3,Rate,2011,971.7373179555332,1264.2446513291443,679.4060398275698
2,DALYs (Disability-Adjusted Life Years),38,Mongolia,2,Female,27,Age-standardized,419,Liver cancer due to hepatitis C,3,Rate,2017,828.8789736916822,1135.0150300535704,568.6243882303072
2,DALYs (Disability-Adjusted Life Years),38,Mongolia,2,Female,27,Age-standardized,419,Liver cancer due to hepatitis C,3,Rate,2013,907.9901772288725,1196.2998231435545,635.2294901712348
2,DALYs (Disability-Adjusted Life Years),38,Mongolia,2,Female,27,Age-standardized,419,Liver cancer due to hepatitis C,3,Rate,2019,801.8246186131732,1091.080990905314,544.2443559980018
2,DALYs (Disability-Adjusted Life Years),38,Mongolia,2,Female,27,Age-standardized,419,Liver cancer due to hepatitis C,3,Rate,2016,846.1683977489155,1150.2908976028186,584.3555689226869
