measure_id,measure_name,location_id,location_name,sex_id,sex_name,age_id,age_name,cause_id,cause_name,metric_id,metric_name,year,val,upper,lower
2,DALYs (Disability-Adjusted Life Years),38,Mongolia,1,Male,27,Age-standardized,1021,Liver cancer due to other causes,3,Rate,1990,62.3395985381695,96.3684186561369,37.469188319251494
2,DALYs (Disability-Adjusted Life Years),38,Mongolia,1,Male,27,Age-standardized,1021,Liver cancer due to other causes,3,Rate,1993,66.06438873071224,100.56776000300383,41.39536243343454
2,DALYs (Disability-Adjusted Life Years),38,Mongolia,1,Male,27,Age-standardized,1021,Liver cancer due to other causes,3,Rate,1992,64.83866976017119,98.37625827228133,40.3532921733227
2,DALYs (Disability-Adjusted Life Years),38,Mongolia,1,Male,27,Age-standardized,1021,Liver cancer due to other causes,3,Rate,1997,69.98128934548328,103.26112650559568,43.06074423478446
2,DALYs (Disability-Adjusted Life Years),38,Mongolia,1,Male,27,Age-standardized,1021,Liver cancer due to other causes,3,Rate,1991,63.98625835223603,98.74491616627785,38.89924795327082
2,DALYs (Disability-Adjusted Life Years),38,Mongolia,1,Male,27,Age-standardized,1021,Liver cancer due to other causes,3,Rate,1994,67.2000264741687,101.17388949027841,42.517700293257754
2,DALYs (Disability-Adjusted Life Years),38,Mongolia,1,Male,27,Age-standardized,1021,Liver cancer due to other causes,3,Rate,2001,77.84490595804323,118.58300800746817,49.58108371131715
2,DALYs (Disability-Adjusted Life Years),38,Mongolia,1,Male,27,Age-standardized,1021,Liver cancer due to other causes,3,Rate,2005,86.38731527406274,130.52299876252914,53.9828744810881
2,DALYs (Disability-Adjusted Life Years),38,Mongolia,1,Male,27,Age-standardized,1021,Liver cancer due to other causes,3,Rate,1995,68.77770923579182,102.91932807337055,41.711613300283055
2,DALYs (Disability-Adjusted Life Years),38,Mongolia,1,Male,27,Age-standardized,1021,Liver cancer due to other causes,3,Rate,1998,70.88014909812857,106.47413417420358,44.017102941376315
2,DALYs (Disability-Adjusted Life Years),38,Mongolia,1,Male,27,Age-standardized,1021,Liver cancer due to other causes,3,Rate,2009,87.88765008126164,130.14647866920964,57.29739176601596
2,DALYs (Disability-Adjusted Life Years),38,Mongolia,1,Male,27,Age-standardized,1021,Liver cancer due to other causes,3,Rate,1999,72.2268260122006,110.19074585559397,45.69155197850174
2,DALYs (Disability-Adjusted Life Years),38,Mongolia,1,Male,27,Age-standardized,1021,Liver cancer due to other causes,3,Rate,1996,69.76054997579573,103.78737043401233,42.65633508615702
2,DALYs (Disability-Adjusted Life Years),38,Mongolia,1,Male,27,Age-standardized,1021,Liver cancer due to other causes,3,Rate,2000,74.55785722160846,113.24477560142154,47.561581440264035
2,DALYs (Disability-Adjusted Life Years),38,Mongolia,1,Male,27,Age-standardized,1021,Liver cancer due to other causes,3,Rate,2013,81.87474877743549,120.49219049564003,50.792753174077376
2,DALYs (Disability-Adjusted Life Years),38,Mongolia,1,Male,27,Age-standardized,1021,Liver cancer due to other causes,3,Rate,2003,83.48914805136155,123.21143822739089,53.61398610715353
2,DALYs (Disability-Adjusted Life Years),38,Mongolia,1,Male,27,Age-standardized,1021,Liver cancer due to other causes,3,Rate,2002,80.90170254298427,121.6665200765943,51.38555003173567
2,DALYs (Disability-Adjusted Life Years),38,Mongolia,1,Male,27,Age-standardized,1021,Liver cancer due to other causes,3,Rate,2017,76.94734923142464,119.28350222395397,46.478533473083694
2,DALYs (Disability-Adjusted Life Years),38,Mongolia,1,Male,27,Age-standardized,1021,Liver cancer due to other causes,3,Rate,2004,85.14460348846495,127.1047774131614,53.62929828121459
2,DALYs (Disability-Adjusted Life Years),38,Mongolia,1,Male,27,Age-standardized,1021,Liver cancer due to other causes,3,Rate,2008,87.6707380285769,128.44708039261542,56.910110508673846
2,DALYs (Disability-Adjusted Life Years),38,Mongolia,1,Male,27,Age-standardized,1021,Liver cancer due to other causes,3,Rate,2007,87.87075134929809,129.072350587805,57.545535494444884
2,DALYs (Disability-Adjusted Life Years),38,Mongolia,1,Male,27,Age-standardized,1021,Liver cancer due to other causes,3,Rate,2006,87.16036345828472,128.8325751563753,56.032001595040725
2,DALYs (Disability-Adjusted Life Years),38,Mongolia,1,Male,27,Age-standardized,1021,Liver cancer due to other causes,3,Rate,2010,87.77325795361445,129.54186204621868,55.93412878128218
2,DALYs (Disability-Adjusted Life Years),38,Mongolia,1,Male,27,Age-standardized,1021,Liver cancer due to other causes,3,Rate,2012,84.04384303648628,122.4180556031294,53.12784619129139
2,DALYs (Disability-Adjusted Life Years),38,Mongolia,1,Male,27,Age-standardized,1021,Liver cancer due to other causes,3,Rate,2015,78.2447148671805,118.75966285406211,47.906295400922765
2,DALYs (Disability-Adjusted Life Years),38,Mongolia,1,Male,27,Age-standardized,1021,Liver cancer due to other causes,3,Rate,2011,86.12688931186653,126.6754375706248,54.889174193464626
2,DALYs (Disability-Adjusted Life Years),38,Mongolia,1,Male,27,Age-standardized,1021,Liver cancer due to other causes,3,Rate,2014,80.07400999482796,119.76695280952302,49.31435261644352
2,DALYs (Disability-Adjusted Life Years),38,Mongolia,1,Male,27,Age-standardized,1021,Liver cancer due to other causes,3,Rate,2016,77.37869017737746,117.62409510504739,47.436759474212614
2,DALYs (Disability-Adjusted Life Years),38,Mongolia,1,Male,27,Age-standardized,1021,Liver cancer due to other causes,3,Rate,2019,74.91839570906168,114.26751507860351,45.09040458810265
2,DALYs (Disability-Adjusted Life Years),38,Mongolia,1,Male,27,Age-standardized,1021,Liver cancer due to other causes,3,Rate,2018,75.9504252855615,114.73302063276563,45.8263111580312
