measure_id,measure_name,location_id,location_name,sex_id,sex_name,age_id,age_name,cause_id,cause_name,metric_id,metric_name,year,val,upper,lower
2,DALYs (Disability-Adjusted Life Years),38,Mongolia,2,Female,27,Age-standardized,420,Liver cancer due to alcohol use,3,Rate,1993,161.7447023863545,240.66161853693214,94.67348498684
2,DALYs (Disability-Adjusted Life Years),38,Mongolia,2,Female,27,Age-standardized,420,Liver cancer due to alcohol use,3,Rate,1990,159.22203879467884,253.56942355977893,94.86295112107486
2,DALYs (Disability-Adjusted Life Years),38,Mongolia,2,Female,27,Age-standardized,420,Liver cancer due to alcohol use,3,Rate,1992,161.41910023685958,246.4814248065742,94.90795949150164
2,DALYs (Disability-Adjusted Life Years),38,Mongolia,2,Female,27,Age-standardized,420,Liver cancer due to alcohol use,3,Rate,1991,160.58552836420068,246.3989779535023,96.56298895515333
2,DALYs (Disability-Adjusted Life Years),38,Mongolia,2,Female,27,Age-standardized,420,Liver cancer due to alcohol use,3,Rate,1998,177.45950620938515,274.7533728148514,106.46070387463529
2,DALYs (Disability-Adjusted Life Years),38,Mongolia,2,Female,27,Age-standardized,420,Liver cancer due to alcohol use,3,Rate,1994,161.8732896195625,241.98583211347255,94.68558996317267
2,DALYs (Disability-Adjusted Life Years),38,Mongolia,2,Female,27,Age-standardized,420,Liver cancer due to alcohol use,3,Rate,2002,262.45392946079164,401.4459403490359,162.66729589939055
2,DALYs (Disability-Adjusted Life Years),38,Mongolia,2,Female,27,Age-standardized,420,Liver cancer due to alcohol use,3,Rate,1995,166.6277473842106,253.4731151668913,97.34307572354268
2,DALYs (Disability-Adjusted Life Years),38,Mongolia,2,Female,27,Age-standardized,420,Liver cancer due to alcohol use,3,Rate,2006,368.8454622850865,539.2229143202583,237.91968207835376
2,DALYs (Disability-Adjusted Life Years),38,Mongolia,2,Female,27,Age-standardized,420,Liver cancer due to alcohol use,3,Rate,1997,173.26610636710436,271.0990053996791,103.0417728819732
2,DALYs (Disability-Adjusted Life Years),38,Mongolia,2,Female,27,Age-standardized,420,Liver cancer due to alcohol use,3,Rate,2010,437.5674365479035,640.4109365420761,276.2550960554398
2,DALYs (Disability-Adjusted Life Years),38,Mongolia,2,Female,27,Age-standardized,420,Liver cancer due to alcohol use,3,Rate,2000,207.91281109934496,321.50640999713266,126.05997537169056
2,DALYs (Disability-Adjusted Life Years),38,Mongolia,2,Female,27,Age-standardized,420,Liver cancer due to alcohol use,3,Rate,1996,169.65437287959975,260.79455603858406,100.5905443360643
2,DALYs (Disability-Adjusted Life Years),38,Mongolia,2,Female,27,Age-standardized,420,Liver cancer due to alcohol use,3,Rate,1999,188.19990933814444,288.57628621963306,113.84264086213484
2,DALYs (Disability-Adjusted Life Years),38,Mongolia,2,Female,27,Age-standardized,420,Liver cancer due to alcohol use,3,Rate,2014,408.6806563505508,611.3710489189082,255.1642014468374
2,DALYs (Disability-Adjusted Life Years),38,Mongolia,2,Female,27,Age-standardized,420,Liver cancer due to alcohol use,3,Rate,2005,345.8981702202375,517.2654359304832,222.46004269204167
2,DALYs (Disability-Adjusted Life Years),38,Mongolia,2,Female,27,Age-standardized,420,Liver cancer due to alcohol use,3,Rate,2001,235.1114693115637,360.7496031214046,143.56398113032935
2,DALYs (Disability-Adjusted Life Years),38,Mongolia,2,Female,27,Age-standardized,420,Liver cancer due to alcohol use,3,Rate,2018,399.4268334847141,600.8130818504409,244.7686372648847
2,DALYs (Disability-Adjusted Life Years),38,Mongolia,2,Female,27,Age-standardized,420,Liver cancer due to alcohol use,3,Rate,2004,319.8363034919113,479.06598599323456,203.32701762769034
2,DALYs (Disability-Adjusted Life Years),38,Mongolia,2,Female,27,Age-standardized,420,Liver cancer due to alcohol use,3,Rate,2003,291.51389651146735,437.6796961308353,183.91391677400193
2,DALYs (Disability-Adjusted Life Years),38,Mongolia,2,Female,27,Age-standardized,420,Liver cancer due to alcohol use,3,Rate,2007,387.88201010424973,560.5472537628815,246.74103081994596
2,DALYs (Disability-Adjusted Life Years),38,Mongolia,2,Female,27,Age-standardized,420,Liver cancer due to alcohol use,3,Rate,2009,420.83426168232864,604.4552378463243,269.7768435706301
2,DALYs (Disability-Adjusted Life Years),38,Mongolia,2,Female,27,Age-standardized,420,Liver cancer due to alcohol use,3,Rate,2012,424.49487601337137,626.58155338558,266.34424996494874
2,DALYs (Disability-Adjusted Life Years),38,Mongolia,2,Female,27,Age-standardized,420,Liver cancer due to alcohol use,3,Rate,2008,402.91037648321134,582.4889166131785,258.7496716127755
2,DALYs (Disability-Adjusted Life Years),38,Mongolia,2,Female,27,Age-standardized,420,Liver cancer due to alcohol use,3,Rate,2011,434.4680567953758,643.1215002219349,275.7515796971311
2,DALYs (Disability-Adjusted Life Years),38,Mongolia,2,Female,27,Age-standardized,420,Liver cancer due to alcohol use,3,Rate,2015,405.3361639026386,614.7648677546073,249.39201929577243
2,DALYs (Disability-Adjusted Life Years),38,Mongolia,2,Female,27,Age-standardized,420,Liver cancer due to alcohol use,3,Rate,2017,405.1627402291727,612.8135510322213,251.79535134916728
2,DALYs (Disability-Adjusted Life Years),38,Mongolia,2,Female,27,Age-standardized,420,Liver cancer due to alcohol use,3,Rate,2013,416.54007986249314,623.8291038913867,259.93748177411027
2,DALYs (Disability-Adjusted Life Years),38,Mongolia,2,Female,27,Age-standardized,420,Liver cancer due to alcohol use,3,Rate,2019,394.20076916073003,600.2313027389988,236.30098515459576
2,DALYs (Disability-Adjusted Life Years),38,Mongolia,2,Female,27,Age-standardized,420,Liver cancer due to alcohol use,3,Rate,2016,407.0475081142921,619.5569609290457,253.98883842522417
