measure_id,measure_name,location_id,location_name,sex_id,sex_name,age_id,age_name,cause_id,cause_name,metric_id,metric_name,year,val,upper,lower
2,DALYs (Disability-Adjusted Life Years),38,Mongolia,2,Female,27,Age-standardized,1021,Liver cancer due to other causes,3,Rate,1990,55.37417242282319,86.67426580547423,35.31974270847872
2,DALYs (Disability-Adjusted Life Years),38,Mongolia,2,Female,27,Age-standardized,1021,Liver cancer due to other causes,3,Rate,1993,56.6615420474301,83.05291342384433,38.2042571005866
2,DALYs (Disability-Adjusted Life Years),38,Mongolia,2,Female,27,Age-standardized,1021,Liver cancer due to other causes,3,Rate,1992,56.24006156128733,83.53319521040349,37.47695805046837
2,DALYs (Disability-Adjusted Life Years),38,Mongolia,2,Female,27,Age-standardized,1021,Liver cancer due to other causes,3,Rate,1997,59.80213400089031,88.75398605950959,37.993597639111414
2,DALYs (Disability-Adjusted Life Years),38,Mongolia,2,Female,27,Age-standardized,1021,Liver cancer due to other causes,3,Rate,1991,55.901021976926685,84.17226441721745,36.48374492690895
2,DALYs (Disability-Adjusted Life Years),38,Mongolia,2,Female,27,Age-standardized,1021,Liver cancer due to other causes,3,Rate,2001,77.16094846122012,116.716475183275,47.973799018389755
2,DALYs (Disability-Adjusted Life Years),38,Mongolia,2,Female,27,Age-standardized,1021,Liver cancer due to other causes,3,Rate,2005,106.56881393834087,159.11850194633166,66.48579950936876
2,DALYs (Disability-Adjusted Life Years),38,Mongolia,2,Female,27,Age-standardized,1021,Liver cancer due to other causes,3,Rate,1994,56.559132820081295,82.17255491395936,37.63815631282584
2,DALYs (Disability-Adjusted Life Years),38,Mongolia,2,Female,27,Age-standardized,1021,Liver cancer due to other causes,3,Rate,2009,115.69737648767855,171.56314885596456,74.85441382186218
2,DALYs (Disability-Adjusted Life Years),38,Mongolia,2,Female,27,Age-standardized,1021,Liver cancer due to other causes,3,Rate,1998,60.89195021713607,91.50263830936798,38.1200398498578
2,DALYs (Disability-Adjusted Life Years),38,Mongolia,2,Female,27,Age-standardized,1021,Liver cancer due to other causes,3,Rate,1995,57.87731410539897,86.86538316532912,37.32149857702878
2,DALYs (Disability-Adjusted Life Years),38,Mongolia,2,Female,27,Age-standardized,1021,Liver cancer due to other causes,3,Rate,1996,58.72959181125574,88.33497410964019,37.81999669422089
2,DALYs (Disability-Adjusted Life Years),38,Mongolia,2,Female,27,Age-standardized,1021,Liver cancer due to other causes,3,Rate,2013,108.60905467446545,165.53779086714695,69.12227080385594
2,DALYs (Disability-Adjusted Life Years),38,Mongolia,2,Female,27,Age-standardized,1021,Liver cancer due to other causes,3,Rate,2000,69.33601449307912,105.84254011840068,42.41635410155162
2,DALYs (Disability-Adjusted Life Years),38,Mongolia,2,Female,27,Age-standardized,1021,Liver cancer due to other causes,3,Rate,1999,63.852657538662676,96.50824604486772,39.64896204722796
2,DALYs (Disability-Adjusted Life Years),38,Mongolia,2,Female,27,Age-standardized,1021,Liver cancer due to other causes,3,Rate,2003,93.33877777810068,140.14619726445224,59.66761078506487
2,DALYs (Disability-Adjusted Life Years),38,Mongolia,2,Female,27,Age-standardized,1021,Liver cancer due to other causes,3,Rate,2002,85.15882015974483,127.63369578851379,53.296772047550874
2,DALYs (Disability-Adjusted Life Years),38,Mongolia,2,Female,27,Age-standardized,1021,Liver cancer due to other causes,3,Rate,2017,100.46415782275734,152.18145692753353,62.2031018918519
2,DALYs (Disability-Adjusted Life Years),38,Mongolia,2,Female,27,Age-standardized,1021,Liver cancer due to other causes,3,Rate,2004,100.6059578648625,150.8460199417331,64.22708765355193
2,DALYs (Disability-Adjusted Life Years),38,Mongolia,2,Female,27,Age-standardized,1021,Liver cancer due to other causes,3,Rate,2008,114.03811070355395,167.28991005741358,74.5785051464021
2,DALYs (Disability-Adjusted Life Years),38,Mongolia,2,Female,27,Age-standardized,1021,Liver cancer due to other causes,3,Rate,2007,113.18125787886575,166.16489831906182,73.67808944610118
2,DALYs (Disability-Adjusted Life Years),38,Mongolia,2,Female,27,Age-standardized,1021,Liver cancer due to other causes,3,Rate,2010,117.31006926967424,174.31983580774795,75.65922044594191
2,DALYs (Disability-Adjusted Life Years),38,Mongolia,2,Female,27,Age-standardized,1021,Liver cancer due to other causes,3,Rate,2006,110.87864504236043,165.48011823047548,70.68534243948764
2,DALYs (Disability-Adjusted Life Years),38,Mongolia,2,Female,27,Age-standardized,1021,Liver cancer due to other causes,3,Rate,2014,105.5082223308419,162.40226803027826,66.92546544045044
2,DALYs (Disability-Adjusted Life Years),38,Mongolia,2,Female,27,Age-standardized,1021,Liver cancer due to other causes,3,Rate,2012,111.73226188353468,166.46885254934674,71.21528190889238
2,DALYs (Disability-Adjusted Life Years),38,Mongolia,2,Female,27,Age-standardized,1021,Liver cancer due to other causes,3,Rate,2015,103.32683913066951,159.4048147510473,64.03596059492897
2,DALYs (Disability-Adjusted Life Years),38,Mongolia,2,Female,27,Age-standardized,1021,Liver cancer due to other causes,3,Rate,2011,114.79918699763749,169.84941916233743,73.62601705403003
2,DALYs (Disability-Adjusted Life Years),38,Mongolia,2,Female,27,Age-standardized,1021,Liver cancer due to other causes,3,Rate,2018,98.80234052396638,150.3884202986672,61.96880041269918
2,DALYs (Disability-Adjusted Life Years),38,Mongolia,2,Female,27,Age-standardized,1021,Liver cancer due to other causes,3,Rate,2016,101.99966416111772,155.3930454631337,64.43834991171393
2,DALYs (Disability-Adjusted Life Years),38,Mongolia,2,Female,27,Age-standardized,1021,Liver cancer due to other causes,3,Rate,2019,97.66298263099696,150.6352833720965,61.26366581502292
