measure_id,measure_name,location_id,location_name,sex_id,sex_name,age_id,age_name,cause_id,cause_name,metric_id,metric_name,year,val,upper,lower
2,DALYs (Disability-Adjusted Life Years),38,Mongolia,1,Male,27,Age-standardized,996,Liver cancer due to NASH,3,Rate,1993,97.44649829112956,147.7090023967602,62.094246521838485
2,DALYs (Disability-Adjusted Life Years),38,Mongolia,1,Male,27,Age-standardized,996,Liver cancer due to NASH,3,Rate,1990,89.99615349651482,140.07352900622251,54.82524882555955
2,DALYs (Disability-Adjusted Life Years),38,Mongolia,1,Male,27,Age-standardized,996,Liver cancer due to NASH,3,Rate,1995,102.88846467409984,159.89390567348346,66.26705323006405
2,DALYs (Disability-Adjusted Life Years),38,Mongolia,1,Male,27,Age-standardized,996,Liver cancer due to NASH,3,Rate,1992,95.05347666631836,143.91681296341486,59.97160701780847
2,DALYs (Disability-Adjusted Life Years),38,Mongolia,1,Male,27,Age-standardized,996,Liver cancer due to NASH,3,Rate,1996,105.06109726155196,160.67040884847572,67.44936797714644
2,DALYs (Disability-Adjusted Life Years),38,Mongolia,1,Male,27,Age-standardized,996,Liver cancer due to NASH,3,Rate,2000,116.56468718390838,176.28993907899127,74.75443064455229
2,DALYs (Disability-Adjusted Life Years),38,Mongolia,1,Male,27,Age-standardized,996,Liver cancer due to NASH,3,Rate,2004,141.48045607110151,206.73833042094944,93.72387296908335
2,DALYs (Disability-Adjusted Life Years),38,Mongolia,1,Male,27,Age-standardized,996,Liver cancer due to NASH,3,Rate,1991,93.39970735384803,143.54299212209125,58.3799605637614
2,DALYs (Disability-Adjusted Life Years),38,Mongolia,1,Male,27,Age-standardized,996,Liver cancer due to NASH,3,Rate,1994,99.97665665557541,151.90569002651023,64.4169606028545
2,DALYs (Disability-Adjusted Life Years),38,Mongolia,1,Male,27,Age-standardized,996,Liver cancer due to NASH,3,Rate,2008,152.60679582254915,230.4328235300773,99.54293868523946
2,DALYs (Disability-Adjusted Life Years),38,Mongolia,1,Male,27,Age-standardized,996,Liver cancer due to NASH,3,Rate,1998,108.74243413438775,169.02037520070863,70.35190520300637
2,DALYs (Disability-Adjusted Life Years),38,Mongolia,1,Male,27,Age-standardized,996,Liver cancer due to NASH,3,Rate,1997,106.15547668692902,161.58567533231056,68.38918928020894
2,DALYs (Disability-Adjusted Life Years),38,Mongolia,1,Male,27,Age-standardized,996,Liver cancer due to NASH,3,Rate,2012,152.99462384982309,233.1665544177722,99.34767856933277
2,DALYs (Disability-Adjusted Life Years),38,Mongolia,1,Male,27,Age-standardized,996,Liver cancer due to NASH,3,Rate,1999,111.77454491085217,172.39096004786256,71.64922778325513
2,DALYs (Disability-Adjusted Life Years),38,Mongolia,1,Male,27,Age-standardized,996,Liver cancer due to NASH,3,Rate,2003,137.0469998953737,201.3794888156925,92.15251542003962
2,DALYs (Disability-Adjusted Life Years),38,Mongolia,1,Male,27,Age-standardized,996,Liver cancer due to NASH,3,Rate,2016,147.69839866393755,230.3286200930529,91.13608744340051
2,DALYs (Disability-Adjusted Life Years),38,Mongolia,1,Male,27,Age-standardized,996,Liver cancer due to NASH,3,Rate,2002,130.63097512447393,194.2288070322093,86.8916831602067
2,DALYs (Disability-Adjusted Life Years),38,Mongolia,1,Male,27,Age-standardized,996,Liver cancer due to NASH,3,Rate,2005,145.37461485342968,212.78469202265617,96.27210499772339
2,DALYs (Disability-Adjusted Life Years),38,Mongolia,1,Male,27,Age-standardized,996,Liver cancer due to NASH,3,Rate,2001,123.5710198822791,186.7790241668874,79.73875161564828
2,DALYs (Disability-Adjusted Life Years),38,Mongolia,1,Male,27,Age-standardized,996,Liver cancer due to NASH,3,Rate,2007,151.25618708507145,224.83332327766686,99.80173876511164
2,DALYs (Disability-Adjusted Life Years),38,Mongolia,1,Male,27,Age-standardized,996,Liver cancer due to NASH,3,Rate,2006,148.29858061912745,219.64506180875148,98.35415495958883
2,DALYs (Disability-Adjusted Life Years),38,Mongolia,1,Male,27,Age-standardized,996,Liver cancer due to NASH,3,Rate,2009,154.50300741738997,234.18755825843567,100.77344274164825
2,DALYs (Disability-Adjusted Life Years),38,Mongolia,1,Male,27,Age-standardized,996,Liver cancer due to NASH,3,Rate,2010,156.4646081180386,238.46391391435725,101.25422568899214
2,DALYs (Disability-Adjusted Life Years),38,Mongolia,1,Male,27,Age-standardized,996,Liver cancer due to NASH,3,Rate,2015,147.38936686757916,230.166177295646,91.5403807537099
2,DALYs (Disability-Adjusted Life Years),38,Mongolia,1,Male,27,Age-standardized,996,Liver cancer due to NASH,3,Rate,2013,150.76610338758232,231.81637826882294,97.37331517766822
2,DALYs (Disability-Adjusted Life Years),38,Mongolia,1,Male,27,Age-standardized,996,Liver cancer due to NASH,3,Rate,2014,148.9151659888093,229.15581576148873,94.40299081295346
2,DALYs (Disability-Adjusted Life Years),38,Mongolia,1,Male,27,Age-standardized,996,Liver cancer due to NASH,3,Rate,2011,155.2293297295156,236.24535013856357,99.71869297205936
2,DALYs (Disability-Adjusted Life Years),38,Mongolia,1,Male,27,Age-standardized,996,Liver cancer due to NASH,3,Rate,2017,147.46711594438082,229.62848690046027,91.82167532710433
2,DALYs (Disability-Adjusted Life Years),38,Mongolia,1,Male,27,Age-standardized,996,Liver cancer due to NASH,3,Rate,2019,145.36323698662434,226.3436389753625,88.90158949846993
2,DALYs (Disability-Adjusted Life Years),38,Mongolia,1,Male,27,Age-standardized,996,Liver cancer due to NASH,3,Rate,2018,146.23667203088021,228.2835895232751,92.24995471836911
