measure_id,measure_name,location_id,location_name,sex_id,sex_name,age_id,age_name,cause_id,cause_name,metric_id,metric_name,year,val,upper,lower
2,DALYs (Disability-Adjusted Life Years),38,Mongolia,1,Male,27,Age-standardized,418,Liver cancer due to hepatitis B,3,Rate,1993,1089.9698415633527,1503.3981707655716,772.5631082342571
2,DALYs (Disability-Adjusted Life Years),38,Mongolia,1,Male,27,Age-standardized,418,Liver cancer due to hepatitis B,3,Rate,1990,1027.5412406667344,1424.1390264701622,711.180897994757
2,DALYs (Disability-Adjusted Life Years),38,Mongolia,1,Male,27,Age-standardized,418,Liver cancer due to hepatitis B,3,Rate,1991,1056.2507496659707,1466.3997927208447,743.3227759175397
2,DALYs (Disability-Adjusted Life Years),38,Mongolia,1,Male,27,Age-standardized,418,Liver cancer due to hepatitis B,3,Rate,1992,1068.4587691222594,1477.0339395661601,751.4142051535028
2,DALYs (Disability-Adjusted Life Years),38,Mongolia,1,Male,27,Age-standardized,418,Liver cancer due to hepatitis B,3,Rate,1998,1174.3363808748256,1605.0383419658403,814.8900523210048
2,DALYs (Disability-Adjusted Life Years),38,Mongolia,1,Male,27,Age-standardized,418,Liver cancer due to hepatitis B,3,Rate,1994,1110.1586880710036,1527.1825117187257,785.9992528933275
2,DALYs (Disability-Adjusted Life Years),38,Mongolia,1,Male,27,Age-standardized,418,Liver cancer due to hepatitis B,3,Rate,2002,1304.1008178026552,1802.8997449750198,902.4858082601514
2,DALYs (Disability-Adjusted Life Years),38,Mongolia,1,Male,27,Age-standardized,418,Liver cancer due to hepatitis B,3,Rate,2006,1361.3054881465532,1871.8551136200033,942.7051008973181
2,DALYs (Disability-Adjusted Life Years),38,Mongolia,1,Male,27,Age-standardized,418,Liver cancer due to hepatitis B,3,Rate,1995,1137.5004072489546,1556.0072320971847,798.1070830925488
2,DALYs (Disability-Adjusted Life Years),38,Mongolia,1,Male,27,Age-standardized,418,Liver cancer due to hepatitis B,3,Rate,1997,1158.7746364162879,1580.6365552532832,804.1461128396934
2,DALYs (Disability-Adjusted Life Years),38,Mongolia,1,Male,27,Age-standardized,418,Liver cancer due to hepatitis B,3,Rate,2010,1387.300112212879,1906.8118825087945,967.9050306996164
2,DALYs (Disability-Adjusted Life Years),38,Mongolia,1,Male,27,Age-standardized,418,Liver cancer due to hepatitis B,3,Rate,1996,1153.5995235497992,1559.9503898182008,811.4708394497152
2,DALYs (Disability-Adjusted Life Years),38,Mongolia,1,Male,27,Age-standardized,418,Liver cancer due to hepatitis B,3,Rate,1999,1194.7399184636101,1642.378318898709,829.3983466033447
2,DALYs (Disability-Adjusted Life Years),38,Mongolia,1,Male,27,Age-standardized,418,Liver cancer due to hepatitis B,3,Rate,2000,1228.3795657967078,1683.4492800008286,857.1143870932932
2,DALYs (Disability-Adjusted Life Years),38,Mongolia,1,Male,27,Age-standardized,418,Liver cancer due to hepatitis B,3,Rate,2014,1282.0246213275482,1823.2973459383975,875.5252926804274
2,DALYs (Disability-Adjusted Life Years),38,Mongolia,1,Male,27,Age-standardized,418,Liver cancer due to hepatitis B,3,Rate,2001,1272.366442956936,1750.5151900272656,883.7908897014238
2,DALYs (Disability-Adjusted Life Years),38,Mongolia,1,Male,27,Age-standardized,418,Liver cancer due to hepatitis B,3,Rate,2005,1346.9892174830693,1875.739655165258,935.3389422586375
2,DALYs (Disability-Adjusted Life Years),38,Mongolia,1,Male,27,Age-standardized,418,Liver cancer due to hepatitis B,3,Rate,2018,1205.477861413047,1745.860189561207,789.6336832164898
2,DALYs (Disability-Adjusted Life Years),38,Mongolia,1,Male,27,Age-standardized,418,Liver cancer due to hepatitis B,3,Rate,2004,1334.3756812471347,1886.3612453707442,904.4362317314416
2,DALYs (Disability-Adjusted Life Years),38,Mongolia,1,Male,27,Age-standardized,418,Liver cancer due to hepatitis B,3,Rate,2003,1324.6198905630285,1834.1391412529579,916.3531520909013
2,DALYs (Disability-Adjusted Life Years),38,Mongolia,1,Male,27,Age-standardized,418,Liver cancer due to hepatitis B,3,Rate,2007,1374.3852472045673,1890.979887949054,962.3100413124646
2,DALYs (Disability-Adjusted Life Years),38,Mongolia,1,Male,27,Age-standardized,418,Liver cancer due to hepatitis B,3,Rate,2009,1386.8302373034319,1911.4343560864036,978.0485391380888
2,DALYs (Disability-Adjusted Life Years),38,Mongolia,1,Male,27,Age-standardized,418,Liver cancer due to hepatitis B,3,Rate,2008,1375.560415167289,1892.6566881660733,973.4925099921061
2,DALYs (Disability-Adjusted Life Years),38,Mongolia,1,Male,27,Age-standardized,418,Liver cancer due to hepatitis B,3,Rate,2012,1337.2346562205914,1848.0036893757838,928.6890574821455
2,DALYs (Disability-Adjusted Life Years),38,Mongolia,1,Male,27,Age-standardized,418,Liver cancer due to hepatitis B,3,Rate,2015,1257.2881619042105,1798.079329226922,842.9887952745503
2,DALYs (Disability-Adjusted Life Years),38,Mongolia,1,Male,27,Age-standardized,418,Liver cancer due to hepatitis B,3,Rate,2011,1364.2726332091054,1859.5812792966606,953.5500260921309
2,DALYs (Disability-Adjusted Life Years),38,Mongolia,1,Male,27,Age-standardized,418,Liver cancer due to hepatitis B,3,Rate,2013,1307.3629188566633,1831.5684982776897,906.6939338959461
2,DALYs (Disability-Adjusted Life Years),38,Mongolia,1,Male,27,Age-standardized,418,Liver cancer due to hepatitis B,3,Rate,2017,1223.5048349233723,1786.5761835171916,805.6015301954683
2,DALYs (Disability-Adjusted Life Years),38,Mongolia,1,Male,27,Age-standardized,418,Liver cancer due to hepatitis B,3,Rate,2016,1239.347855770635,1772.9467367738928,820.3307056580185
2,DALYs (Disability-Adjusted Life Years),38,Mongolia,1,Male,27,Age-standardized,418,Liver cancer due to hepatitis B,3,Rate,2019,1185.6168677081105,1715.2444756570355,777.8906949930579
