measure_id,measure_name,location_id,location_name,sex_id,sex_name,age_id,age_name,cause_id,cause_name,metric_id,metric_name,year,val,upper,lower
2,DALYs (Disability-Adjusted Life Years),68,Republic of Korea,1,Male,27,Age-standardized,1021,Liver cancer due to other causes,3,Rate,1991,11.175747887175119,15.794241389763489,7.699052096021931
2,DALYs (Disability-Adjusted Life Years),68,Republic of Korea,1,Male,27,Age-standardized,1021,Liver cancer due to other causes,3,Rate,1992,10.594420573831542,14.810200513443354,7.454381667235361
2,DALYs (Disability-Adjusted Life Years),68,Republic of Korea,1,Male,27,Age-standardized,1021,Liver cancer due to other causes,3,Rate,1995,9.773521400918455,13.367203513866468,7.016280904119351
2,DALYs (Disability-Adjusted Life Years),68,Republic of Korea,1,Male,27,Age-standardized,1021,Liver cancer due to other causes,3,Rate,1990,11.780970647248077,16.740550047405065,8.004364896265548
2,DALYs (Disability-Adjusted Life Years),68,Republic of Korea,1,Male,27,Age-standardized,1021,Liver cancer due to other causes,3,Rate,1996,11.14211062339751,15.261922034153521,7.971270460165713
2,DALYs (Disability-Adjusted Life Years),68,Republic of Korea,1,Male,27,Age-standardized,1021,Liver cancer due to other causes,3,Rate,1993,10.21254435308831,14.181176352504886,7.273905252118557
2,DALYs (Disability-Adjusted Life Years),68,Republic of Korea,1,Male,27,Age-standardized,1021,Liver cancer due to other causes,3,Rate,1994,10.057684028421162,13.959588113186852,7.235084157189477
2,DALYs (Disability-Adjusted Life Years),68,Republic of Korea,1,Male,27,Age-standardized,1021,Liver cancer due to other causes,3,Rate,1998,18.131688295514586,24.855583453785233,12.874710979842886
2,DALYs (Disability-Adjusted Life Years),68,Republic of Korea,1,Male,27,Age-standardized,1021,Liver cancer due to other causes,3,Rate,1997,14.086336394854884,19.20909065263322,10.05914356098442
2,DALYs (Disability-Adjusted Life Years),68,Republic of Korea,1,Male,27,Age-standardized,1021,Liver cancer due to other causes,3,Rate,2000,24.54369595487139,33.607485128444786,17.141239706879993
2,DALYs (Disability-Adjusted Life Years),68,Republic of Korea,1,Male,27,Age-standardized,1021,Liver cancer due to other causes,3,Rate,2001,25.80962008487435,35.03039813908528,18.179188263924587
2,DALYs (Disability-Adjusted Life Years),68,Republic of Korea,1,Male,27,Age-standardized,1021,Liver cancer due to other causes,3,Rate,2004,25.33528104170324,34.70533004148908,17.606300207311907
2,DALYs (Disability-Adjusted Life Years),68,Republic of Korea,1,Male,27,Age-standardized,1021,Liver cancer due to other causes,3,Rate,2002,26.210490203198315,35.7571423592855,18.405323350217213
2,DALYs (Disability-Adjusted Life Years),68,Republic of Korea,1,Male,27,Age-standardized,1021,Liver cancer due to other causes,3,Rate,2005,24.328608753945016,33.61213913315436,16.732511829487837
2,DALYs (Disability-Adjusted Life Years),68,Republic of Korea,1,Male,27,Age-standardized,1021,Liver cancer due to other causes,3,Rate,1999,21.664361937052302,29.722207216243763,15.117866083356185
2,DALYs (Disability-Adjusted Life Years),68,Republic of Korea,1,Male,27,Age-standardized,1021,Liver cancer due to other causes,3,Rate,2008,21.34255221026908,29.600170131620104,14.758502461393146
2,DALYs (Disability-Adjusted Life Years),68,Republic of Korea,1,Male,27,Age-standardized,1021,Liver cancer due to other causes,3,Rate,2006,23.206823059479376,32.0928142174891,16.03293834088244
2,DALYs (Disability-Adjusted Life Years),68,Republic of Korea,1,Male,27,Age-standardized,1021,Liver cancer due to other causes,3,Rate,2003,26.030828030985013,35.4751342625561,18.149992511053927
2,DALYs (Disability-Adjusted Life Years),68,Republic of Korea,1,Male,27,Age-standardized,1021,Liver cancer due to other causes,3,Rate,2009,20.532114414040247,29.02202447490287,14.067426384296784
2,DALYs (Disability-Adjusted Life Years),68,Republic of Korea,1,Male,27,Age-standardized,1021,Liver cancer due to other causes,3,Rate,2007,22.222008895766546,30.764425565469352,15.415588091410884
2,DALYs (Disability-Adjusted Life Years),68,Republic of Korea,1,Male,27,Age-standardized,1021,Liver cancer due to other causes,3,Rate,2012,18.053422162036803,25.014731798979525,12.219819125272098
2,DALYs (Disability-Adjusted Life Years),68,Republic of Korea,1,Male,27,Age-standardized,1021,Liver cancer due to other causes,3,Rate,2010,19.706083033118475,27.829712940056215,13.28175378903032
2,DALYs (Disability-Adjusted Life Years),68,Republic of Korea,1,Male,27,Age-standardized,1021,Liver cancer due to other causes,3,Rate,2011,18.837151739056218,26.304040253398657,12.686711858111767
2,DALYs (Disability-Adjusted Life Years),68,Republic of Korea,1,Male,27,Age-standardized,1021,Liver cancer due to other causes,3,Rate,2015,15.96869844419708,22.113938572160727,10.695209121766855
2,DALYs (Disability-Adjusted Life Years),68,Republic of Korea,1,Male,27,Age-standardized,1021,Liver cancer due to other causes,3,Rate,2013,17.257473166900876,23.73446394210749,11.619514853049674
2,DALYs (Disability-Adjusted Life Years),68,Republic of Korea,1,Male,27,Age-standardized,1021,Liver cancer due to other causes,3,Rate,2019,15.480444369976494,21.89683897792231,10.56424264082164
2,DALYs (Disability-Adjusted Life Years),68,Republic of Korea,1,Male,27,Age-standardized,1021,Liver cancer due to other causes,3,Rate,2016,15.708697356119673,21.988728978100507,10.758028685982854
2,DALYs (Disability-Adjusted Life Years),68,Republic of Korea,1,Male,27,Age-standardized,1021,Liver cancer due to other causes,3,Rate,2017,15.840526304151243,22.421437123799148,10.659113237911269
2,DALYs (Disability-Adjusted Life Years),68,Republic of Korea,1,Male,27,Age-standardized,1021,Liver cancer due to other causes,3,Rate,2014,16.557152704090758,22.824721215337163,11.09778173664945
2,DALYs (Disability-Adjusted Life Years),68,Republic of Korea,1,Male,27,Age-standardized,1021,Liver cancer due to other causes,3,Rate,2018,15.623373510629396,21.911095508381756,10.571510698127147
