measure_id,measure_name,location_id,location_name,sex_id,sex_name,age_id,age_name,cause_id,cause_name,metric_id,metric_name,year,val,upper,lower
2,DALYs (Disability-Adjusted Life Years),68,Republic of Korea,1,Male,27,Age-standardized,420,Liver cancer due to alcohol use,3,Rate,1990,67.36479310352094,100.52110827272014,42.73461946488665
2,DALYs (Disability-Adjusted Life Years),68,Republic of Korea,1,Male,27,Age-standardized,420,Liver cancer due to alcohol use,3,Rate,1995,52.07959989363271,71.86222769147285,36.79937967161939
2,DALYs (Disability-Adjusted Life Years),68,Republic of Korea,1,Male,27,Age-standardized,420,Liver cancer due to alcohol use,3,Rate,1992,58.41113560678839,84.63815877264143,39.26872665156153
2,DALYs (Disability-Adjusted Life Years),68,Republic of Korea,1,Male,27,Age-standardized,420,Liver cancer due to alcohol use,3,Rate,1994,54.08461421590112,76.24965712940767,37.548816543515166
2,DALYs (Disability-Adjusted Life Years),68,Republic of Korea,1,Male,27,Age-standardized,420,Liver cancer due to alcohol use,3,Rate,2000,148.830892298755,201.90647539434642,105.77157416791982
2,DALYs (Disability-Adjusted Life Years),68,Republic of Korea,1,Male,27,Age-standardized,420,Liver cancer due to alcohol use,3,Rate,1996,60.63169675340624,83.15485347910514,42.99161775302882
2,DALYs (Disability-Adjusted Life Years),68,Republic of Korea,1,Male,27,Age-standardized,420,Liver cancer due to alcohol use,3,Rate,2004,155.11523580220373,211.7177118463303,109.62875320005534
2,DALYs (Disability-Adjusted Life Years),68,Republic of Korea,1,Male,27,Age-standardized,420,Liver cancer due to alcohol use,3,Rate,1991,62.849166351649934,93.25913919429365,41.22133029787568
2,DALYs (Disability-Adjusted Life Years),68,Republic of Korea,1,Male,27,Age-standardized,420,Liver cancer due to alcohol use,3,Rate,2008,133.94252489944915,183.74216846767064,95.18346892372323
2,DALYs (Disability-Adjusted Life Years),68,Republic of Korea,1,Male,27,Age-standardized,420,Liver cancer due to alcohol use,3,Rate,1993,55.514000028574166,78.8801025847975,38.20118522462545
2,DALYs (Disability-Adjusted Life Years),68,Republic of Korea,1,Male,27,Age-standardized,420,Liver cancer due to alcohol use,3,Rate,1997,79.53173365034725,109.27104476546124,57.06741624777197
2,DALYs (Disability-Adjusted Life Years),68,Republic of Korea,1,Male,27,Age-standardized,420,Liver cancer due to alcohol use,3,Rate,1999,130.23962428832735,178.16656646480558,92.8960121491105
2,DALYs (Disability-Adjusted Life Years),68,Republic of Korea,1,Male,27,Age-standardized,420,Liver cancer due to alcohol use,3,Rate,2012,118.42350653337262,163.1068524691321,83.9229619834123
2,DALYs (Disability-Adjusted Life Years),68,Republic of Korea,1,Male,27,Age-standardized,420,Liver cancer due to alcohol use,3,Rate,1998,106.26829023589649,146.47624950274562,75.56707252161775
2,DALYs (Disability-Adjusted Life Years),68,Republic of Korea,1,Male,27,Age-standardized,420,Liver cancer due to alcohol use,3,Rate,2002,159.61347257765095,216.58438963247173,112.3026619358943
2,DALYs (Disability-Adjusted Life Years),68,Republic of Korea,1,Male,27,Age-standardized,420,Liver cancer due to alcohol use,3,Rate,2001,156.9175896416296,213.20054751867113,111.1067869091508
2,DALYs (Disability-Adjusted Life Years),68,Republic of Korea,1,Male,27,Age-standardized,420,Liver cancer due to alcohol use,3,Rate,2016,106.67993133947245,147.03467648601443,75.36648074779409
2,DALYs (Disability-Adjusted Life Years),68,Republic of Korea,1,Male,27,Age-standardized,420,Liver cancer due to alcohol use,3,Rate,2003,158.7622835388711,216.04648365434954,111.88545252918372
2,DALYs (Disability-Adjusted Life Years),68,Republic of Korea,1,Male,27,Age-standardized,420,Liver cancer due to alcohol use,3,Rate,2007,138.45489605376284,190.65181374720052,98.2995529699645
2,DALYs (Disability-Adjusted Life Years),68,Republic of Korea,1,Male,27,Age-standardized,420,Liver cancer due to alcohol use,3,Rate,2006,143.60486872595416,196.53938974417267,101.54516000324108
2,DALYs (Disability-Adjusted Life Years),68,Republic of Korea,1,Male,27,Age-standardized,420,Liver cancer due to alcohol use,3,Rate,2005,149.63850735757566,204.18781892464062,104.70951773044234
2,DALYs (Disability-Adjusted Life Years),68,Republic of Korea,1,Male,27,Age-standardized,420,Liver cancer due to alcohol use,3,Rate,2009,129.70347804537843,177.83261753648972,91.84081955776912
2,DALYs (Disability-Adjusted Life Years),68,Republic of Korea,1,Male,27,Age-standardized,420,Liver cancer due to alcohol use,3,Rate,2011,121.79971884108407,167.7784161577276,86.47799346892344
2,DALYs (Disability-Adjusted Life Years),68,Republic of Korea,1,Male,27,Age-standardized,420,Liver cancer due to alcohol use,3,Rate,2010,125.76512018588726,173.30417312357343,88.72824739808595
2,DALYs (Disability-Adjusted Life Years),68,Republic of Korea,1,Male,27,Age-standardized,420,Liver cancer due to alcohol use,3,Rate,2014,112.06138551999362,152.70530602521924,78.68734439475948
2,DALYs (Disability-Adjusted Life Years),68,Republic of Korea,1,Male,27,Age-standardized,420,Liver cancer due to alcohol use,3,Rate,2013,115.03159221308509,157.67909071567934,80.56013927264853
2,DALYs (Disability-Adjusted Life Years),68,Republic of Korea,1,Male,27,Age-standardized,420,Liver cancer due to alcohol use,3,Rate,2017,106.79127683030455,149.5169478832423,75.04867028063154
2,DALYs (Disability-Adjusted Life Years),68,Republic of Korea,1,Male,27,Age-standardized,420,Liver cancer due to alcohol use,3,Rate,2015,109.12994333197288,149.52402633999282,76.65555438634937
2,DALYs (Disability-Adjusted Life Years),68,Republic of Korea,1,Male,27,Age-standardized,420,Liver cancer due to alcohol use,3,Rate,2019,115.49070177028864,161.65384629953496,77.46410329460167
2,DALYs (Disability-Adjusted Life Years),68,Republic of Korea,1,Male,27,Age-standardized,420,Liver cancer due to alcohol use,3,Rate,2018,108.74841802988682,151.63363096432056,74.75014417874013
