measure_id,measure_name,location_id,location_name,sex_id,sex_name,age_id,age_name,cause_id,cause_name,metric_id,metric_name,year,val,upper,lower
2,DALYs (Disability-Adjusted Life Years),68,Republic of Korea,1,Male,27,Age-standardized,418,Liver cancer due to hepatitis B,3,Rate,1990,372.3888956344042,461.5141768182847,295.23850300319344
2,DALYs (Disability-Adjusted Life Years),68,Republic of Korea,1,Male,27,Age-standardized,418,Liver cancer due to hepatitis B,3,Rate,1995,277.89903280037544,315.88447400358115,244.28219292078603
2,DALYs (Disability-Adjusted Life Years),68,Republic of Korea,1,Male,27,Age-standardized,418,Liver cancer due to hepatitis B,3,Rate,1992,316.78512358118985,378.320195358712,264.69955789215794
2,DALYs (Disability-Adjusted Life Years),68,Republic of Korea,1,Male,27,Age-standardized,418,Liver cancer due to hepatitis B,3,Rate,2000,784.5938780749714,859.9561802112344,703.7809510178122
2,DALYs (Disability-Adjusted Life Years),68,Republic of Korea,1,Male,27,Age-standardized,418,Liver cancer due to hepatitis B,3,Rate,1996,323.8408061696093,363.38320210796905,286.2659289697635
2,DALYs (Disability-Adjusted Life Years),68,Republic of Korea,1,Male,27,Age-standardized,418,Liver cancer due to hepatitis B,3,Rate,1994,288.6219654039507,335.68071078272965,248.9967935784102
2,DALYs (Disability-Adjusted Life Years),68,Republic of Korea,1,Male,27,Age-standardized,418,Liver cancer due to hepatitis B,3,Rate,1991,343.9176050638784,420.6761871579697,278.52260528687935
2,DALYs (Disability-Adjusted Life Years),68,Republic of Korea,1,Male,27,Age-standardized,418,Liver cancer due to hepatitis B,3,Rate,2004,787.2577888724597,863.5956991926842,710.1664569202254
2,DALYs (Disability-Adjusted Life Years),68,Republic of Korea,1,Male,27,Age-standardized,418,Liver cancer due to hepatitis B,3,Rate,1993,298.20648847404465,347.7631146788043,254.28564835914673
2,DALYs (Disability-Adjusted Life Years),68,Republic of Korea,1,Male,27,Age-standardized,418,Liver cancer due to hepatitis B,3,Rate,2008,652.0457077912338,719.6083626047646,585.6800113017908
2,DALYs (Disability-Adjusted Life Years),68,Republic of Korea,1,Male,27,Age-standardized,418,Liver cancer due to hepatitis B,3,Rate,1997,423.350659799539,469.18367438300226,378.612314711171
2,DALYs (Disability-Adjusted Life Years),68,Republic of Korea,1,Male,27,Age-standardized,418,Liver cancer due to hepatitis B,3,Rate,1999,688.3944056312542,756.4832103365036,618.2397709969257
2,DALYs (Disability-Adjusted Life Years),68,Republic of Korea,1,Male,27,Age-standardized,418,Liver cancer due to hepatitis B,3,Rate,2012,542.5690352354014,606.1233818177634,481.00228405037694
2,DALYs (Disability-Adjusted Life Years),68,Republic of Korea,1,Male,27,Age-standardized,418,Liver cancer due to hepatitis B,3,Rate,1998,562.9646325716907,622.5034441110173,502.2940753356404
2,DALYs (Disability-Adjusted Life Years),68,Republic of Korea,1,Male,27,Age-standardized,418,Liver cancer due to hepatitis B,3,Rate,2002,829.9602784172776,906.1147441264947,743.8026361589264
2,DALYs (Disability-Adjusted Life Years),68,Republic of Korea,1,Male,27,Age-standardized,418,Liver cancer due to hepatitis B,3,Rate,2001,823.3078152142073,899.7964975807439,736.2629578992478
2,DALYs (Disability-Adjusted Life Years),68,Republic of Korea,1,Male,27,Age-standardized,418,Liver cancer due to hepatitis B,3,Rate,2016,451.0763714134002,510.9139598809085,391.4425198956937
2,DALYs (Disability-Adjusted Life Years),68,Republic of Korea,1,Male,27,Age-standardized,418,Liver cancer due to hepatitis B,3,Rate,2003,816.7939843917383,893.3386485057919,733.9128002854237
2,DALYs (Disability-Adjusted Life Years),68,Republic of Korea,1,Male,27,Age-standardized,418,Liver cancer due to hepatitis B,3,Rate,2007,679.8308878561082,748.4337870262465,607.5198870485879
2,DALYs (Disability-Adjusted Life Years),68,Republic of Korea,1,Male,27,Age-standardized,418,Liver cancer due to hepatitis B,3,Rate,2006,711.3400317644551,782.4713860296248,637.9917328891406
2,DALYs (Disability-Adjusted Life Years),68,Republic of Korea,1,Male,27,Age-standardized,418,Liver cancer due to hepatitis B,3,Rate,2009,626.4167608352552,695.1842878478835,560.3902659471061
2,DALYs (Disability-Adjusted Life Years),68,Republic of Korea,1,Male,27,Age-standardized,418,Liver cancer due to hepatitis B,3,Rate,2005,749.0695831722932,823.2901603802931,675.1553336219657
2,DALYs (Disability-Adjusted Life Years),68,Republic of Korea,1,Male,27,Age-standardized,418,Liver cancer due to hepatitis B,3,Rate,2011,570.7315517696885,635.4761071842279,507.9850641671292
2,DALYs (Disability-Adjusted Life Years),68,Republic of Korea,1,Male,27,Age-standardized,418,Liver cancer due to hepatitis B,3,Rate,2014,490.16140451841517,548.8080329477111,433.15157877875413
2,DALYs (Disability-Adjusted Life Years),68,Republic of Korea,1,Male,27,Age-standardized,418,Liver cancer due to hepatitis B,3,Rate,2013,514.6893964550671,572.4640067226015,456.1254836427351
2,DALYs (Disability-Adjusted Life Years),68,Republic of Korea,1,Male,27,Age-standardized,418,Liver cancer due to hepatitis B,3,Rate,2010,599.781077188405,671.8979066846795,534.3937816955255
2,DALYs (Disability-Adjusted Life Years),68,Republic of Korea,1,Male,27,Age-standardized,418,Liver cancer due to hepatitis B,3,Rate,2017,446.60418605872366,513.2873931748115,381.4268273182834
2,DALYs (Disability-Adjusted Life Years),68,Republic of Korea,1,Male,27,Age-standardized,418,Liver cancer due to hepatitis B,3,Rate,2015,467.90006284713775,525.9504823663768,411.8164640083019
2,DALYs (Disability-Adjusted Life Years),68,Republic of Korea,1,Male,27,Age-standardized,418,Liver cancer due to hepatitis B,3,Rate,2019,431.38792345518635,506.7957667764554,358.6053603965487
2,DALYs (Disability-Adjusted Life Years),68,Republic of Korea,1,Male,27,Age-standardized,418,Liver cancer due to hepatitis B,3,Rate,2018,437.46917045433145,504.8363917858924,369.0840960365991
