measure_id,measure_name,location_id,location_name,sex_id,sex_name,age_id,age_name,cause_id,cause_name,metric_id,metric_name,year,val,upper,lower
2,DALYs (Disability-Adjusted Life Years),68,Republic of Korea,1,Male,27,Age-standardized,419,Liver cancer due to hepatitis C,3,Rate,1990,36.92202172307832,56.280531691489934,22.89271424883648
2,DALYs (Disability-Adjusted Life Years),68,Republic of Korea,1,Male,27,Age-standardized,419,Liver cancer due to hepatitis C,3,Rate,1995,29.062240791306294,41.7974489794973,19.463786406622802
2,DALYs (Disability-Adjusted Life Years),68,Republic of Korea,1,Male,27,Age-standardized,419,Liver cancer due to hepatitis C,3,Rate,1992,32.48298491271697,47.556629797419966,21.2170089093833
2,DALYs (Disability-Adjusted Life Years),68,Republic of Korea,1,Male,27,Age-standardized,419,Liver cancer due to hepatitis C,3,Rate,1994,30.328368797231757,43.54794035912545,20.317292598699005
2,DALYs (Disability-Adjusted Life Years),68,Republic of Korea,1,Male,27,Age-standardized,419,Liver cancer due to hepatitis C,3,Rate,1996,33.56293587159124,47.834618886409636,23.00106797623014
2,DALYs (Disability-Adjusted Life Years),68,Republic of Korea,1,Male,27,Age-standardized,419,Liver cancer due to hepatitis C,3,Rate,2000,81.0342888280287,116.1595051119062,54.36711741665303
2,DALYs (Disability-Adjusted Life Years),68,Republic of Korea,1,Male,27,Age-standardized,419,Liver cancer due to hepatitis C,3,Rate,2004,83.49341594133612,118.58561761124719,56.10390870871185
2,DALYs (Disability-Adjusted Life Years),68,Republic of Korea,1,Male,27,Age-standardized,419,Liver cancer due to hepatitis C,3,Rate,1993,31.045190473766677,45.48768795616218,20.726849716996576
2,DALYs (Disability-Adjusted Life Years),68,Republic of Korea,1,Male,27,Age-standardized,419,Liver cancer due to hepatitis C,3,Rate,1991,34.71471367414813,52.257549554396164,22.172054509097183
2,DALYs (Disability-Adjusted Life Years),68,Republic of Korea,1,Male,27,Age-standardized,419,Liver cancer due to hepatitis C,3,Rate,2008,71.85821137149826,102.52267711571223,47.4623711342754
2,DALYs (Disability-Adjusted Life Years),68,Republic of Korea,1,Male,27,Age-standardized,419,Liver cancer due to hepatitis C,3,Rate,1997,43.79032971811917,61.726224115103385,30.157804633952455
2,DALYs (Disability-Adjusted Life Years),68,Republic of Korea,1,Male,27,Age-standardized,419,Liver cancer due to hepatitis C,3,Rate,1999,71.24952124048966,102.74537147735919,48.538025693433035
2,DALYs (Disability-Adjusted Life Years),68,Republic of Korea,1,Male,27,Age-standardized,419,Liver cancer due to hepatitis C,3,Rate,2012,62.958216102133996,89.4123161104398,41.44751773737867
2,DALYs (Disability-Adjusted Life Years),68,Republic of Korea,1,Male,27,Age-standardized,419,Liver cancer due to hepatitis C,3,Rate,1998,58.358312408619405,82.79527572232156,39.92409482731783
2,DALYs (Disability-Adjusted Life Years),68,Republic of Korea,1,Male,27,Age-standardized,419,Liver cancer due to hepatitis C,3,Rate,2002,86.36226206875445,123.4308029566989,57.68331625518499
2,DALYs (Disability-Adjusted Life Years),68,Republic of Korea,1,Male,27,Age-standardized,419,Liver cancer due to hepatitis C,3,Rate,2001,85.1275764440302,122.0075607222968,57.06700570616307
2,DALYs (Disability-Adjusted Life Years),68,Republic of Korea,1,Male,27,Age-standardized,419,Liver cancer due to hepatitis C,3,Rate,2016,57.086587285039165,80.75887274822225,37.66795518465025
2,DALYs (Disability-Adjusted Life Years),68,Republic of Korea,1,Male,27,Age-standardized,419,Liver cancer due to hepatitis C,3,Rate,2003,85.56825037199054,122.13988777467709,57.28388220729501
2,DALYs (Disability-Adjusted Life Years),68,Republic of Korea,1,Male,27,Age-standardized,419,Liver cancer due to hepatitis C,3,Rate,2007,74.46767643657877,106.06547851241865,49.27518864662441
2,DALYs (Disability-Adjusted Life Years),68,Republic of Korea,1,Male,27,Age-standardized,419,Liver cancer due to hepatitis C,3,Rate,2006,77.36437182267044,110.62006261059953,51.73483587283357
2,DALYs (Disability-Adjusted Life Years),68,Republic of Korea,1,Male,27,Age-standardized,419,Liver cancer due to hepatitis C,3,Rate,2005,80.57067308066048,115.14478420635193,53.76118084932976
2,DALYs (Disability-Adjusted Life Years),68,Republic of Korea,1,Male,27,Age-standardized,419,Liver cancer due to hepatitis C,3,Rate,2009,69.33999170665345,98.91300675530519,45.5023680047084
2,DALYs (Disability-Adjusted Life Years),68,Republic of Korea,1,Male,27,Age-standardized,419,Liver cancer due to hepatitis C,3,Rate,2010,67.07561361559127,96.11353074226085,44.043737325715206
2,DALYs (Disability-Adjusted Life Years),68,Republic of Korea,1,Male,27,Age-standardized,419,Liver cancer due to hepatitis C,3,Rate,2011,64.8843300245948,92.8177877984781,42.635926305266764
2,DALYs (Disability-Adjusted Life Years),68,Republic of Korea,1,Male,27,Age-standardized,419,Liver cancer due to hepatitis C,3,Rate,2014,59.337921782510584,83.48319707240118,38.77300670745355
2,DALYs (Disability-Adjusted Life Years),68,Republic of Korea,1,Male,27,Age-standardized,419,Liver cancer due to hepatitis C,3,Rate,2013,61.0176855851538,85.4813138228464,40.546058592841256
2,DALYs (Disability-Adjusted Life Years),68,Republic of Korea,1,Male,27,Age-standardized,419,Liver cancer due to hepatitis C,3,Rate,2017,57.34423341774571,81.5319064226793,37.96423193506448
2,DALYs (Disability-Adjusted Life Years),68,Republic of Korea,1,Male,27,Age-standardized,419,Liver cancer due to hepatitis C,3,Rate,2015,57.87510160176928,81.74484753761192,38.007159832167815
2,DALYs (Disability-Adjusted Life Years),68,Republic of Korea,1,Male,27,Age-standardized,419,Liver cancer due to hepatitis C,3,Rate,2019,56.165966189900736,81.26636235147832,34.503285442187
2,DALYs (Disability-Adjusted Life Years),68,Republic of Korea,1,Male,27,Age-standardized,419,Liver cancer due to hepatitis C,3,Rate,2018,56.470347874121885,80.55677668581122,36.15346174845974
