measure_id,measure_name,location_id,location_name,sex_id,sex_name,age_id,age_name,cause_id,cause_name,metric_id,metric_name,year,val,upper,lower
2,DALYs (Disability-Adjusted Life Years),68,Republic of Korea,1,Male,27,Age-standardized,996,Liver cancer due to NASH,3,Rate,1992,11.60621278532743,16.79035260332386,7.666447886916782
2,DALYs (Disability-Adjusted Life Years),68,Republic of Korea,1,Male,27,Age-standardized,996,Liver cancer due to NASH,3,Rate,1990,12.839968928085424,18.909060600978215,8.231257172672917
2,DALYs (Disability-Adjusted Life Years),68,Republic of Korea,1,Male,27,Age-standardized,996,Liver cancer due to NASH,3,Rate,1991,12.23872018114225,17.89343178754124,8.047654227056771
2,DALYs (Disability-Adjusted Life Years),68,Republic of Korea,1,Male,27,Age-standardized,996,Liver cancer due to NASH,3,Rate,1998,21.413341088583334,29.937905864838378,14.478974203250763
2,DALYs (Disability-Adjusted Life Years),68,Republic of Korea,1,Male,27,Age-standardized,996,Liver cancer due to NASH,3,Rate,2002,31.556719028111015,44.90136036514684,21.47803284954639
2,DALYs (Disability-Adjusted Life Years),68,Republic of Korea,1,Male,27,Age-standardized,996,Liver cancer due to NASH,3,Rate,2006,27.946852920244485,40.848248393521246,19.134621271847085
2,DALYs (Disability-Adjusted Life Years),68,Republic of Korea,1,Male,27,Age-standardized,996,Liver cancer due to NASH,3,Rate,1993,11.21081995220733,16.170777087000072,7.522968229527858
2,DALYs (Disability-Adjusted Life Years),68,Republic of Korea,1,Male,27,Age-standardized,996,Liver cancer due to NASH,3,Rate,1994,11.037582527933408,15.790859182995469,7.423431198731228
2,DALYs (Disability-Adjusted Life Years),68,Republic of Korea,1,Male,27,Age-standardized,996,Liver cancer due to NASH,3,Rate,1997,16.106317952573665,22.620527698604075,10.934210627007902
2,DALYs (Disability-Adjusted Life Years),68,Republic of Korea,1,Male,27,Age-standardized,996,Liver cancer due to NASH,3,Rate,1995,10.65139211961331,15.152172395850084,7.229636590542011
2,DALYs (Disability-Adjusted Life Years),68,Republic of Korea,1,Male,27,Age-standardized,996,Liver cancer due to NASH,3,Rate,2010,24.058469120401536,34.714581628715,16.53870840005924
2,DALYs (Disability-Adjusted Life Years),68,Republic of Korea,1,Male,27,Age-standardized,996,Liver cancer due to NASH,3,Rate,1996,12.3420950347651,17.21668989609742,8.43329700489944
2,DALYs (Disability-Adjusted Life Years),68,Republic of Korea,1,Male,27,Age-standardized,996,Liver cancer due to NASH,3,Rate,1999,26.109341994095587,36.6408738179227,17.768326543563866
2,DALYs (Disability-Adjusted Life Years),68,Republic of Korea,1,Male,27,Age-standardized,996,Liver cancer due to NASH,3,Rate,2000,29.69428955969163,41.72723568509853,20.072266733524014
2,DALYs (Disability-Adjusted Life Years),68,Republic of Korea,1,Male,27,Age-standardized,996,Liver cancer due to NASH,3,Rate,2014,20.948192610022126,30.31648618927579,14.316397724387382
2,DALYs (Disability-Adjusted Life Years),68,Republic of Korea,1,Male,27,Age-standardized,996,Liver cancer due to NASH,3,Rate,2001,31.169965367583988,43.93854999579692,21.099068959384997
2,DALYs (Disability-Adjusted Life Years),68,Republic of Korea,1,Male,27,Age-standardized,996,Liver cancer due to NASH,3,Rate,2005,29.19529515976856,42.52298091237103,19.983973164872097
2,DALYs (Disability-Adjusted Life Years),68,Republic of Korea,1,Male,27,Age-standardized,996,Liver cancer due to NASH,3,Rate,2003,31.19984113382928,44.63750022741441,21.307537787339463
2,DALYs (Disability-Adjusted Life Years),68,Republic of Korea,1,Male,27,Age-standardized,996,Liver cancer due to NASH,3,Rate,2004,30.34528432668746,44.03878582006274,20.722138365186648
2,DALYs (Disability-Adjusted Life Years),68,Republic of Korea,1,Male,27,Age-standardized,996,Liver cancer due to NASH,3,Rate,2018,20.45868794891135,30.416376434320693,13.704816406949478
2,DALYs (Disability-Adjusted Life Years),68,Republic of Korea,1,Male,27,Age-standardized,996,Liver cancer due to NASH,3,Rate,2007,26.852438386762604,38.996411563235405,18.221785080000366
2,DALYs (Disability-Adjusted Life Years),68,Republic of Korea,1,Male,27,Age-standardized,996,Liver cancer due to NASH,3,Rate,2009,24.91730697140493,36.08039206505095,17.061505681307725
2,DALYs (Disability-Adjusted Life Years),68,Republic of Korea,1,Male,27,Age-standardized,996,Liver cancer due to NASH,3,Rate,2011,23.18979781982382,33.181886154255174,15.826455186903637
2,DALYs (Disability-Adjusted Life Years),68,Republic of Korea,1,Male,27,Age-standardized,996,Liver cancer due to NASH,3,Rate,2008,25.85889785661157,37.49637093898104,17.725143961276583
2,DALYs (Disability-Adjusted Life Years),68,Republic of Korea,1,Male,27,Age-standardized,996,Liver cancer due to NASH,3,Rate,2012,22.40701399869674,32.042361939447844,15.32637961374088
2,DALYs (Disability-Adjusted Life Years),68,Republic of Korea,1,Male,27,Age-standardized,996,Liver cancer due to NASH,3,Rate,2013,21.61881767357478,31.016772803923075,14.817603289166708
2,DALYs (Disability-Adjusted Life Years),68,Republic of Korea,1,Male,27,Age-standardized,996,Liver cancer due to NASH,3,Rate,2017,20.637923764514767,30.077796609400338,13.732356859594779
2,DALYs (Disability-Adjusted Life Years),68,Republic of Korea,1,Male,27,Age-standardized,996,Liver cancer due to NASH,3,Rate,2015,20.370974809936296,29.65793695925677,13.748692061464862
2,DALYs (Disability-Adjusted Life Years),68,Republic of Korea,1,Male,27,Age-standardized,996,Liver cancer due to NASH,3,Rate,2019,20.412356807401032,30.52170237190287,13.305392915404346
2,DALYs (Disability-Adjusted Life Years),68,Republic of Korea,1,Male,27,Age-standardized,996,Liver cancer due to NASH,3,Rate,2016,20.24999785578645,29.207287848988532,13.76024942990515
