measure_id,measure_name,location_id,location_name,sex_id,sex_name,age_id,age_name,cause_id,cause_name,metric_id,metric_name,year,val,upper,lower
2,DALYs (Disability-Adjusted Life Years),68,Republic of Korea,2,Female,27,Age-standardized,420,Liver cancer due to alcohol use,3,Rate,1990,13.977076262303003,22.54199520443669,8.342050241158242
2,DALYs (Disability-Adjusted Life Years),68,Republic of Korea,2,Female,27,Age-standardized,420,Liver cancer due to alcohol use,3,Rate,1995,10.548510089908383,14.809915577014948,7.351544346657175
2,DALYs (Disability-Adjusted Life Years),68,Republic of Korea,2,Female,27,Age-standardized,420,Liver cancer due to alcohol use,3,Rate,1992,12.151604052199497,17.952141851577654,7.88837511610644
2,DALYs (Disability-Adjusted Life Years),68,Republic of Korea,2,Female,27,Age-standardized,420,Liver cancer due to alcohol use,3,Rate,1994,10.908216435075435,15.351113635198976,7.450964286446799
2,DALYs (Disability-Adjusted Life Years),68,Republic of Korea,2,Female,27,Age-standardized,420,Liver cancer due to alcohol use,3,Rate,1996,12.062943091554411,16.85138512261132,8.494512347338388
2,DALYs (Disability-Adjusted Life Years),68,Republic of Korea,2,Female,27,Age-standardized,420,Liver cancer due to alcohol use,3,Rate,2000,28.02205654186272,38.442926919004464,19.348431846071037
2,DALYs (Disability-Adjusted Life Years),68,Republic of Korea,2,Female,27,Age-standardized,420,Liver cancer due to alcohol use,3,Rate,1993,11.325705373064606,16.387047937398982,7.532130032088957
2,DALYs (Disability-Adjusted Life Years),68,Republic of Korea,2,Female,27,Age-standardized,420,Liver cancer due to alcohol use,3,Rate,2004,26.181421624879217,35.75745763980023,18.683283902455006
2,DALYs (Disability-Adjusted Life Years),68,Republic of Korea,2,Female,27,Age-standardized,420,Liver cancer due to alcohol use,3,Rate,1991,12.982226120744855,20.13006127094354,8.165710860993507
2,DALYs (Disability-Adjusted Life Years),68,Republic of Korea,2,Female,27,Age-standardized,420,Liver cancer due to alcohol use,3,Rate,2008,23.470071998474115,32.09070007481112,16.596471576631494
2,DALYs (Disability-Adjusted Life Years),68,Republic of Korea,2,Female,27,Age-standardized,420,Liver cancer due to alcohol use,3,Rate,1997,15.485024186635808,21.11652199198807,10.858497361738136
2,DALYs (Disability-Adjusted Life Years),68,Republic of Korea,2,Female,27,Age-standardized,420,Liver cancer due to alcohol use,3,Rate,1999,24.847531695022433,33.96837118904308,17.36930971576988
2,DALYs (Disability-Adjusted Life Years),68,Republic of Korea,2,Female,27,Age-standardized,420,Liver cancer due to alcohol use,3,Rate,2012,20.732598671926098,28.263782909600497,14.247279902883744
2,DALYs (Disability-Adjusted Life Years),68,Republic of Korea,2,Female,27,Age-standardized,420,Liver cancer due to alcohol use,3,Rate,1998,20.514588287654302,27.901726363784388,14.37881280105995
2,DALYs (Disability-Adjusted Life Years),68,Republic of Korea,2,Female,27,Age-standardized,420,Liver cancer due to alcohol use,3,Rate,2002,28.905265034498992,39.648728590140124,20.398566855396822
2,DALYs (Disability-Adjusted Life Years),68,Republic of Korea,2,Female,27,Age-standardized,420,Liver cancer due to alcohol use,3,Rate,2001,28.991718258513707,39.655242300333676,20.327056767148882
2,DALYs (Disability-Adjusted Life Years),68,Republic of Korea,2,Female,27,Age-standardized,420,Liver cancer due to alcohol use,3,Rate,2016,18.51209438435427,25.50436337450109,12.780251943909823
2,DALYs (Disability-Adjusted Life Years),68,Republic of Korea,2,Female,27,Age-standardized,420,Liver cancer due to alcohol use,3,Rate,2003,27.89202310126055,38.07012494441521,19.924912077178828
2,DALYs (Disability-Adjusted Life Years),68,Republic of Korea,2,Female,27,Age-standardized,420,Liver cancer due to alcohol use,3,Rate,2007,23.8793374277754,32.62238062114265,16.86683939706441
2,DALYs (Disability-Adjusted Life Years),68,Republic of Korea,2,Female,27,Age-standardized,420,Liver cancer due to alcohol use,3,Rate,2006,24.116878585602358,33.08768240921375,17.099957569370936
2,DALYs (Disability-Adjusted Life Years),68,Republic of Korea,2,Female,27,Age-standardized,420,Liver cancer due to alcohol use,3,Rate,2009,22.907922301792595,31.657917689520573,16.121158650182153
2,DALYs (Disability-Adjusted Life Years),68,Republic of Korea,2,Female,27,Age-standardized,420,Liver cancer due to alcohol use,3,Rate,2005,23.93798549244717,32.73426558762771,16.948087867018465
2,DALYs (Disability-Adjusted Life Years),68,Republic of Korea,2,Female,27,Age-standardized,420,Liver cancer due to alcohol use,3,Rate,2010,22.3077312508734,30.6954737886161,15.589953912021365
2,DALYs (Disability-Adjusted Life Years),68,Republic of Korea,2,Female,27,Age-standardized,420,Liver cancer due to alcohol use,3,Rate,2011,21.51947527078776,29.451201467842033,14.897307177306612
2,DALYs (Disability-Adjusted Life Years),68,Republic of Korea,2,Female,27,Age-standardized,420,Liver cancer due to alcohol use,3,Rate,2014,19.289496770167354,26.020994386462416,13.175459539258009
2,DALYs (Disability-Adjusted Life Years),68,Republic of Korea,2,Female,27,Age-standardized,420,Liver cancer due to alcohol use,3,Rate,2013,19.976317954949906,26.997603556709066,13.733283957858289
2,DALYs (Disability-Adjusted Life Years),68,Republic of Korea,2,Female,27,Age-standardized,420,Liver cancer due to alcohol use,3,Rate,2017,18.63021969342349,26.224321361402893,12.744670416168125
2,DALYs (Disability-Adjusted Life Years),68,Republic of Korea,2,Female,27,Age-standardized,420,Liver cancer due to alcohol use,3,Rate,2015,18.843373846964585,25.605520087328966,12.805120245300134
2,DALYs (Disability-Adjusted Life Years),68,Republic of Korea,2,Female,27,Age-standardized,420,Liver cancer due to alcohol use,3,Rate,2019,21.075008898699615,30.390732995300123,14.133179213705338
2,DALYs (Disability-Adjusted Life Years),68,Republic of Korea,2,Female,27,Age-standardized,420,Liver cancer due to alcohol use,3,Rate,2018,19.573924227490547,27.81018594257639,13.220415296767962
