measure_id,measure_name,location_id,location_name,sex_id,sex_name,age_id,age_name,cause_id,cause_name,metric_id,metric_name,year,val,upper,lower
2,DALYs (Disability-Adjusted Life Years),68,Republic of Korea,2,Female,27,Age-standardized,418,Liver cancer due to hepatitis B,3,Rate,1990,53.67383431700319,76.47497530397197,37.8158934796465
2,DALYs (Disability-Adjusted Life Years),68,Republic of Korea,2,Female,27,Age-standardized,418,Liver cancer due to hepatitis B,3,Rate,1995,40.00830440625665,48.90358859347663,32.035910269205836
2,DALYs (Disability-Adjusted Life Years),68,Republic of Korea,2,Female,27,Age-standardized,418,Liver cancer due to hepatitis B,3,Rate,1992,46.63987598143199,61.83126983937707,34.53837209876314
2,DALYs (Disability-Adjusted Life Years),68,Republic of Korea,2,Female,27,Age-standardized,418,Liver cancer due to hepatitis B,3,Rate,2000,98.78173351915373,119.82754656991048,79.0948124547982
2,DALYs (Disability-Adjusted Life Years),68,Republic of Korea,2,Female,27,Age-standardized,418,Liver cancer due to hepatitis B,3,Rate,1996,45.42630439844837,54.65979695249998,36.745355204683015
2,DALYs (Disability-Adjusted Life Years),68,Republic of Korea,2,Female,27,Age-standardized,418,Liver cancer due to hepatitis B,3,Rate,1994,41.60038998977715,52.07583572308949,32.83959785605784
2,DALYs (Disability-Adjusted Life Years),68,Republic of Korea,2,Female,27,Age-standardized,418,Liver cancer due to hepatitis B,3,Rate,1991,49.88199297515643,68.28523826613477,36.207345465972445
2,DALYs (Disability-Adjusted Life Years),68,Republic of Korea,2,Female,27,Age-standardized,418,Liver cancer due to hepatitis B,3,Rate,2004,88.04968578670676,107.65980536890793,70.05383851151831
2,DALYs (Disability-Adjusted Life Years),68,Republic of Korea,2,Female,27,Age-standardized,418,Liver cancer due to hepatitis B,3,Rate,2008,76.8368750286138,93.95685170957921,61.73204058232126
2,DALYs (Disability-Adjusted Life Years),68,Republic of Korea,2,Female,27,Age-standardized,418,Liver cancer due to hepatitis B,3,Rate,1993,43.360672184376355,55.8531646722367,33.47316839490007
2,DALYs (Disability-Adjusted Life Years),68,Republic of Korea,2,Female,27,Age-standardized,418,Liver cancer due to hepatitis B,3,Rate,1997,57.32497298610137,68.85506637152365,46.254738440573995
2,DALYs (Disability-Adjusted Life Years),68,Republic of Korea,2,Female,27,Age-standardized,418,Liver cancer due to hepatitis B,3,Rate,1999,88.71511024968454,107.24764106457144,71.21140306248274
2,DALYs (Disability-Adjusted Life Years),68,Republic of Korea,2,Female,27,Age-standardized,418,Liver cancer due to hepatitis B,3,Rate,2012,64.20839414524521,79.66662702011882,50.59213640589972
2,DALYs (Disability-Adjusted Life Years),68,Republic of Korea,2,Female,27,Age-standardized,418,Liver cancer due to hepatitis B,3,Rate,1998,74.53022659148644,89.59666448933538,60.29676873986975
2,DALYs (Disability-Adjusted Life Years),68,Republic of Korea,2,Female,27,Age-standardized,418,Liver cancer due to hepatitis B,3,Rate,2002,99.370199493402,120.68335651534555,79.88058383984637
2,DALYs (Disability-Adjusted Life Years),68,Republic of Korea,2,Female,27,Age-standardized,418,Liver cancer due to hepatitis B,3,Rate,2001,100.9561273756376,122.23872628332262,81.22659114350655
2,DALYs (Disability-Adjusted Life Years),68,Republic of Korea,2,Female,27,Age-standardized,418,Liver cancer due to hepatitis B,3,Rate,2016,54.528522052368714,67.8782783986205,41.959314074229816
2,DALYs (Disability-Adjusted Life Years),68,Republic of Korea,2,Female,27,Age-standardized,418,Liver cancer due to hepatitis B,3,Rate,2003,94.77936009849267,115.89797220177276,75.57879363888942
2,DALYs (Disability-Adjusted Life Years),68,Republic of Korea,2,Female,27,Age-standardized,418,Liver cancer due to hepatitis B,3,Rate,2007,78.6655040601422,95.9736776718832,62.726048773421745
2,DALYs (Disability-Adjusted Life Years),68,Republic of Korea,2,Female,27,Age-standardized,418,Liver cancer due to hepatitis B,3,Rate,2006,79.8743138166018,97.5937758652719,63.64223741827441
2,DALYs (Disability-Adjusted Life Years),68,Republic of Korea,2,Female,27,Age-standardized,418,Liver cancer due to hepatitis B,3,Rate,2005,79.87232576351906,97.2608490516166,63.84799865034195
2,DALYs (Disability-Adjusted Life Years),68,Republic of Korea,2,Female,27,Age-standardized,418,Liver cancer due to hepatitis B,3,Rate,2009,74.29924663950484,91.09683898425703,59.590061473114275
2,DALYs (Disability-Adjusted Life Years),68,Republic of Korea,2,Female,27,Age-standardized,418,Liver cancer due to hepatitis B,3,Rate,2011,67.69041608480356,83.61711926981174,53.24942365763098
2,DALYs (Disability-Adjusted Life Years),68,Republic of Korea,2,Female,27,Age-standardized,418,Liver cancer due to hepatitis B,3,Rate,2014,58.187071103247675,72.32841881605775,45.403090695370516
2,DALYs (Disability-Adjusted Life Years),68,Republic of Korea,2,Female,27,Age-standardized,418,Liver cancer due to hepatitis B,3,Rate,2010,71.30639239532385,87.58384186679211,56.840426949652816
2,DALYs (Disability-Adjusted Life Years),68,Republic of Korea,2,Female,27,Age-standardized,418,Liver cancer due to hepatitis B,3,Rate,2013,60.9910739064596,75.38045850965052,47.88930028446138
2,DALYs (Disability-Adjusted Life Years),68,Republic of Korea,2,Female,27,Age-standardized,418,Liver cancer due to hepatitis B,3,Rate,2017,53.9242884073974,68.36719718336454,40.83917166462481
2,DALYs (Disability-Adjusted Life Years),68,Republic of Korea,2,Female,27,Age-standardized,418,Liver cancer due to hepatitis B,3,Rate,2015,56.11751526076756,69.82408420311181,43.61147186043246
2,DALYs (Disability-Adjusted Life Years),68,Republic of Korea,2,Female,27,Age-standardized,418,Liver cancer due to hepatitis B,3,Rate,2019,53.08726549833584,69.50510664674324,39.738331622864145
2,DALYs (Disability-Adjusted Life Years),68,Republic of Korea,2,Female,27,Age-standardized,418,Liver cancer due to hepatitis B,3,Rate,2018,53.65914636159553,68.36915736227819,40.51613431645785
