measure_id,measure_name,location_id,location_name,sex_id,sex_name,age_id,age_name,cause_id,cause_name,metric_id,metric_name,year,val,upper,lower
2,DALYs (Disability-Adjusted Life Years),68,Republic of Korea,2,Female,27,Age-standardized,1021,Liver cancer due to other causes,3,Rate,1990,10.71304906683619,15.824611480175056,7.218442912037276
2,DALYs (Disability-Adjusted Life Years),68,Republic of Korea,2,Female,27,Age-standardized,1021,Liver cancer due to other causes,3,Rate,1994,9.236012456681568,12.287901627495721,6.67638437599678
2,DALYs (Disability-Adjusted Life Years),68,Republic of Korea,2,Female,27,Age-standardized,1021,Liver cancer due to other causes,3,Rate,1993,9.453010836517354,12.926476167792606,6.791332224233931
2,DALYs (Disability-Adjusted Life Years),68,Republic of Korea,2,Female,27,Age-standardized,1021,Liver cancer due to other causes,3,Rate,1992,9.906577689430819,13.717681951686231,6.942611560064638
2,DALYs (Disability-Adjusted Life Years),68,Republic of Korea,2,Female,27,Age-standardized,1021,Liver cancer due to other causes,3,Rate,1999,17.882590100146878,23.949786455174767,13.272310122996007
2,DALYs (Disability-Adjusted Life Years),68,Republic of Korea,2,Female,27,Age-standardized,1021,Liver cancer due to other causes,3,Rate,1991,10.246879130731376,14.707228211049115,7.058860445454916
2,DALYs (Disability-Adjusted Life Years),68,Republic of Korea,2,Female,27,Age-standardized,1021,Liver cancer due to other causes,3,Rate,2003,19.84558503761952,26.595503331982624,14.455311689208164
2,DALYs (Disability-Adjusted Life Years),68,Republic of Korea,2,Female,27,Age-standardized,1021,Liver cancer due to other causes,3,Rate,1995,8.963343776248408,11.654748554185156,6.562494137060532
2,DALYs (Disability-Adjusted Life Years),68,Republic of Korea,2,Female,27,Age-standardized,1021,Liver cancer due to other causes,3,Rate,2007,16.87389684968345,22.44215151936689,12.42183514531529
2,DALYs (Disability-Adjusted Life Years),68,Republic of Korea,2,Female,27,Age-standardized,1021,Liver cancer due to other causes,3,Rate,1997,12.190643532390183,15.896149815183962,9.11436530602234
2,DALYs (Disability-Adjusted Life Years),68,Republic of Korea,2,Female,27,Age-standardized,1021,Liver cancer due to other causes,3,Rate,1996,9.969724903223815,13.03199770594191,7.397981854845693
2,DALYs (Disability-Adjusted Life Years),68,Republic of Korea,2,Female,27,Age-standardized,1021,Liver cancer due to other causes,3,Rate,2011,14.509192249291203,19.653690825129875,10.526469335868368
2,DALYs (Disability-Adjusted Life Years),68,Republic of Korea,2,Female,27,Age-standardized,1021,Liver cancer due to other causes,3,Rate,2000,19.855959858175698,26.710243622528726,14.542099457110648
2,DALYs (Disability-Adjusted Life Years),68,Republic of Korea,2,Female,27,Age-standardized,1021,Liver cancer due to other causes,3,Rate,1998,15.334822185274525,20.055178866646422,11.491096811603546
2,DALYs (Disability-Adjusted Life Years),68,Republic of Korea,2,Female,27,Age-standardized,1021,Liver cancer due to other causes,3,Rate,2002,20.48589486447567,27.30454044604894,15.118580796533054
2,DALYs (Disability-Adjusted Life Years),68,Republic of Korea,2,Female,27,Age-standardized,1021,Liver cancer due to other causes,3,Rate,2015,12.285644875658825,16.604427197268237,8.906141366489926
2,DALYs (Disability-Adjusted Life Years),68,Republic of Korea,2,Female,27,Age-standardized,1021,Liver cancer due to other causes,3,Rate,2001,20.489690498028786,27.395345008609166,14.973538218198385
2,DALYs (Disability-Adjusted Life Years),68,Republic of Korea,2,Female,27,Age-standardized,1021,Liver cancer due to other causes,3,Rate,2005,17.23778646468178,23.331453235559458,12.424156738105014
2,DALYs (Disability-Adjusted Life Years),68,Republic of Korea,2,Female,27,Age-standardized,1021,Liver cancer due to other causes,3,Rate,2004,18.72596211690959,25.107619806261454,13.536737540873798
2,DALYs (Disability-Adjusted Life Years),68,Republic of Korea,2,Female,27,Age-standardized,1021,Liver cancer due to other causes,3,Rate,2019,11.708996587629631,16.111822568102514,8.286221758168969
2,DALYs (Disability-Adjusted Life Years),68,Republic of Korea,2,Female,27,Age-standardized,1021,Liver cancer due to other causes,3,Rate,2010,15.162814993414353,20.66029428593742,10.974413131905074
2,DALYs (Disability-Adjusted Life Years),68,Republic of Korea,2,Female,27,Age-standardized,1021,Liver cancer due to other causes,3,Rate,2006,17.21588388599738,23.19845429630428,12.549171400831018
2,DALYs (Disability-Adjusted Life Years),68,Republic of Korea,2,Female,27,Age-standardized,1021,Liver cancer due to other causes,3,Rate,2009,15.7782781517249,21.438951375113938,11.55938302158958
2,DALYs (Disability-Adjusted Life Years),68,Republic of Korea,2,Female,27,Age-standardized,1021,Liver cancer due to other causes,3,Rate,2008,16.407665855163483,22.11456768082425,12.096326408781898
2,DALYs (Disability-Adjusted Life Years),68,Republic of Korea,2,Female,27,Age-standardized,1021,Liver cancer due to other causes,3,Rate,2012,13.88877756961416,18.640720926670696,10.026643952580333
2,DALYs (Disability-Adjusted Life Years),68,Republic of Korea,2,Female,27,Age-standardized,1021,Liver cancer due to other causes,3,Rate,2013,13.228542528230824,17.743993701267616,9.499183022984504
2,DALYs (Disability-Adjusted Life Years),68,Republic of Korea,2,Female,27,Age-standardized,1021,Liver cancer due to other causes,3,Rate,2014,12.697035028903768,17.16619263585446,9.157546277656598
2,DALYs (Disability-Adjusted Life Years),68,Republic of Korea,2,Female,27,Age-standardized,1021,Liver cancer due to other causes,3,Rate,2017,11.806573486074981,16.072480584462877,8.332856397833723
2,DALYs (Disability-Adjusted Life Years),68,Republic of Korea,2,Female,27,Age-standardized,1021,Liver cancer due to other causes,3,Rate,2016,11.954473145725041,16.07293110034521,8.649214660593302
2,DALYs (Disability-Adjusted Life Years),68,Republic of Korea,2,Female,27,Age-standardized,1021,Liver cancer due to other causes,3,Rate,2018,11.791714456794436,16.137057204966474,8.47285076923833
