measure_id,measure_name,location_id,location_name,sex_id,sex_name,age_id,age_name,cause_id,cause_name,metric_id,metric_name,year,val,upper,lower
2,DALYs (Disability-Adjusted Life Years),68,Republic of Korea,2,Female,27,Age-standardized,996,Liver cancer due to NASH,3,Rate,1990,11.685537126967144,17.884147500193194,7.4490718282245005
2,DALYs (Disability-Adjusted Life Years),68,Republic of Korea,2,Female,27,Age-standardized,996,Liver cancer due to NASH,3,Rate,1992,10.73580744418376,15.518783760145954,7.272952857677083
2,DALYs (Disability-Adjusted Life Years),68,Republic of Korea,2,Female,27,Age-standardized,996,Liver cancer due to NASH,3,Rate,1991,11.17753113817413,16.55125419571311,7.297338581252233
2,DALYs (Disability-Adjusted Life Years),68,Republic of Korea,2,Female,27,Age-standardized,996,Liver cancer due to NASH,3,Rate,1994,9.999657839302179,13.9635542819369,6.989779768046346
2,DALYs (Disability-Adjusted Life Years),68,Republic of Korea,2,Female,27,Age-standardized,996,Liver cancer due to NASH,3,Rate,1998,18.45010213093119,25.220492805965165,13.36059920343184
2,DALYs (Disability-Adjusted Life Years),68,Republic of Korea,2,Female,27,Age-standardized,996,Liver cancer due to NASH,3,Rate,2002,25.469014135565423,34.72919372115221,18.537098873887423
2,DALYs (Disability-Adjusted Life Years),68,Republic of Korea,2,Female,27,Age-standardized,996,Liver cancer due to NASH,3,Rate,1995,9.733446650993198,13.551561312731211,6.896504839184014
2,DALYs (Disability-Adjusted Life Years),68,Republic of Korea,2,Female,27,Age-standardized,996,Liver cancer due to NASH,3,Rate,2006,21.227009398964967,29.540983656154307,15.245388290296473
2,DALYs (Disability-Adjusted Life Years),68,Republic of Korea,2,Female,27,Age-standardized,996,Liver cancer due to NASH,3,Rate,1993,10.223579076383505,14.465830034381282,6.99739233929717
2,DALYs (Disability-Adjusted Life Years),68,Republic of Korea,2,Female,27,Age-standardized,996,Liver cancer due to NASH,3,Rate,1997,14.086620061433107,19.220857483275992,10.207181921577764
2,DALYs (Disability-Adjusted Life Years),68,Republic of Korea,2,Female,27,Age-standardized,996,Liver cancer due to NASH,3,Rate,2010,19.463805122127194,27.22254311045976,13.776268997979017
2,DALYs (Disability-Adjusted Life Years),68,Republic of Korea,2,Female,27,Age-standardized,996,Liver cancer due to NASH,3,Rate,1996,11.070398783322826,15.199751827558268,7.996748348419273
2,DALYs (Disability-Adjusted Life Years),68,Republic of Korea,2,Female,27,Age-standardized,996,Liver cancer due to NASH,3,Rate,1999,22.10556277317105,30.13720601843015,16.05244760291682
2,DALYs (Disability-Adjusted Life Years),68,Republic of Korea,2,Female,27,Age-standardized,996,Liver cancer due to NASH,3,Rate,2000,24.767533443494088,33.66914680951186,17.906679049220532
2,DALYs (Disability-Adjusted Life Years),68,Republic of Korea,2,Female,27,Age-standardized,996,Liver cancer due to NASH,3,Rate,2014,16.925607780848594,23.6085675496832,11.92413972520764
2,DALYs (Disability-Adjusted Life Years),68,Republic of Korea,2,Female,27,Age-standardized,996,Liver cancer due to NASH,3,Rate,2001,25.584544791641747,35.151692370885705,18.78065394935708
2,DALYs (Disability-Adjusted Life Years),68,Republic of Korea,2,Female,27,Age-standardized,996,Liver cancer due to NASH,3,Rate,2005,21.091839531168134,29.637456380515502,15.019409192481602
2,DALYs (Disability-Adjusted Life Years),68,Republic of Korea,2,Female,27,Age-standardized,996,Liver cancer due to NASH,3,Rate,2004,23.020528869838955,32.19810537907391,16.634664157061174
2,DALYs (Disability-Adjusted Life Years),68,Republic of Korea,2,Female,27,Age-standardized,996,Liver cancer due to NASH,3,Rate,2018,16.491523564772546,23.066959670600372,11.53226577445014
2,DALYs (Disability-Adjusted Life Years),68,Republic of Korea,2,Female,27,Age-standardized,996,Liver cancer due to NASH,3,Rate,2003,24.52800384922155,34.03236509718574,17.732487897008117
2,DALYs (Disability-Adjusted Life Years),68,Republic of Korea,2,Female,27,Age-standardized,996,Liver cancer due to NASH,3,Rate,2007,20.98064777591377,29.08175888832382,15.161348874898758
2,DALYs (Disability-Adjusted Life Years),68,Republic of Korea,2,Female,27,Age-standardized,996,Liver cancer due to NASH,3,Rate,2009,20.02008678673729,27.999623849140594,14.383341480494227
2,DALYs (Disability-Adjusted Life Years),68,Republic of Korea,2,Female,27,Age-standardized,996,Liver cancer due to NASH,3,Rate,2008,20.559098754211934,28.63363557173242,14.893458390708805
2,DALYs (Disability-Adjusted Life Years),68,Republic of Korea,2,Female,27,Age-standardized,996,Liver cancer due to NASH,3,Rate,2012,18.135375879008954,25.270616199275835,12.88625339023935
2,DALYs (Disability-Adjusted Life Years),68,Republic of Korea,2,Female,27,Age-standardized,996,Liver cancer due to NASH,3,Rate,2011,18.777432816896617,26.114352041945875,13.393063725208076
2,DALYs (Disability-Adjusted Life Years),68,Republic of Korea,2,Female,27,Age-standardized,996,Liver cancer due to NASH,3,Rate,2013,17.49938726901035,24.437430417028022,12.482616475271655
2,DALYs (Disability-Adjusted Life Years),68,Republic of Korea,2,Female,27,Age-standardized,996,Liver cancer due to NASH,3,Rate,2017,16.410879621510073,22.903620562407145,11.442376172397957
2,DALYs (Disability-Adjusted Life Years),68,Republic of Korea,2,Female,27,Age-standardized,996,Liver cancer due to NASH,3,Rate,2016,16.347632584773095,22.642195532776736,11.537345334865373
2,DALYs (Disability-Adjusted Life Years),68,Republic of Korea,2,Female,27,Age-standardized,996,Liver cancer due to NASH,3,Rate,2015,16.53472164936528,23.24332675729277,11.611248322662641
2,DALYs (Disability-Adjusted Life Years),68,Republic of Korea,2,Female,27,Age-standardized,996,Liver cancer due to NASH,3,Rate,2019,16.477028678978574,23.458766261682356,11.01710564694296
