measure_id,measure_name,location_id,location_name,sex_id,sex_name,age_id,age_name,cause_id,cause_name,metric_id,metric_name,year,val,upper,lower
2,DALYs (Disability-Adjusted Life Years),68,Republic of Korea,2,Female,27,Age-standardized,419,Liver cancer due to hepatitis C,3,Rate,1990,40.94381218300207,58.882154178357126,27.033330018068835
2,DALYs (Disability-Adjusted Life Years),68,Republic of Korea,2,Female,27,Age-standardized,419,Liver cancer due to hepatitis C,3,Rate,1995,32.435311300813964,41.15296578724501,24.37840679915775
2,DALYs (Disability-Adjusted Life Years),68,Republic of Korea,2,Female,27,Age-standardized,419,Liver cancer due to hepatitis C,3,Rate,1992,36.68995970158823,49.76146283328987,26.109742035852552
2,DALYs (Disability-Adjusted Life Years),68,Republic of Korea,2,Female,27,Age-standardized,419,Liver cancer due to hepatitis C,3,Rate,1996,36.842802742345704,45.34663347120041,27.826853370285267
2,DALYs (Disability-Adjusted Life Years),68,Republic of Korea,2,Female,27,Age-standardized,419,Liver cancer due to hepatitis C,3,Rate,2000,83.13074065210154,102.77459173140241,63.42278690854121
2,DALYs (Disability-Adjusted Life Years),68,Republic of Korea,2,Female,27,Age-standardized,419,Liver cancer due to hepatitis C,3,Rate,1991,38.64770215487975,54.34450300740256,26.468401188303968
2,DALYs (Disability-Adjusted Life Years),68,Republic of Korea,2,Female,27,Age-standardized,419,Liver cancer due to hepatitis C,3,Rate,1994,33.50003167678308,42.830022809146925,24.652411874613502
2,DALYs (Disability-Adjusted Life Years),68,Republic of Korea,2,Female,27,Age-standardized,419,Liver cancer due to hepatitis C,3,Rate,2004,77.45418430065511,95.26042282613139,59.11477045596051
2,DALYs (Disability-Adjusted Life Years),68,Republic of Korea,2,Female,27,Age-standardized,419,Liver cancer due to hepatitis C,3,Rate,1993,34.56615245617589,45.786335762086836,25.250989893436863
2,DALYs (Disability-Adjusted Life Years),68,Republic of Korea,2,Female,27,Age-standardized,419,Liver cancer due to hepatitis C,3,Rate,2008,69.84719337668959,86.1050205517592,52.859531793153224
2,DALYs (Disability-Adjusted Life Years),68,Republic of Korea,2,Female,27,Age-standardized,419,Liver cancer due to hepatitis C,3,Rate,1997,46.97625500411254,57.5844142955385,35.85657938416793
2,DALYs (Disability-Adjusted Life Years),68,Republic of Korea,2,Female,27,Age-standardized,419,Liver cancer due to hepatitis C,3,Rate,1999,74.0581020449589,91.02086173039945,56.71995347293033
2,DALYs (Disability-Adjusted Life Years),68,Republic of Korea,2,Female,27,Age-standardized,419,Liver cancer due to hepatitis C,3,Rate,1998,61.69077546104324,75.55818976055946,47.24364644926028
2,DALYs (Disability-Adjusted Life Years),68,Republic of Korea,2,Female,27,Age-standardized,419,Liver cancer due to hepatitis C,3,Rate,2012,61.216052776254706,76.52191287356486,46.31448542720658
2,DALYs (Disability-Adjusted Life Years),68,Republic of Korea,2,Female,27,Age-standardized,419,Liver cancer due to hepatitis C,3,Rate,2002,85.7119251907558,105.6133606493373,66.15254596079876
2,DALYs (Disability-Adjusted Life Years),68,Republic of Korea,2,Female,27,Age-standardized,419,Liver cancer due to hepatitis C,3,Rate,2001,86.04248931213073,106.14138344573345,66.12997481280271
2,DALYs (Disability-Adjusted Life Years),68,Republic of Korea,2,Female,27,Age-standardized,419,Liver cancer due to hepatitis C,3,Rate,2003,82.54377287982827,101.89332618452875,63.505118315338244
2,DALYs (Disability-Adjusted Life Years),68,Republic of Korea,2,Female,27,Age-standardized,419,Liver cancer due to hepatitis C,3,Rate,2016,54.21967750850404,68.05296851815622,40.55844592910593
2,DALYs (Disability-Adjusted Life Years),68,Republic of Korea,2,Female,27,Age-standardized,419,Liver cancer due to hepatitis C,3,Rate,2007,71.07114700999597,87.46217786129432,53.71620401978319
2,DALYs (Disability-Adjusted Life Years),68,Republic of Korea,2,Female,27,Age-standardized,419,Liver cancer due to hepatitis C,3,Rate,2005,71.02002498474054,87.50114399052477,54.20296249411679
2,DALYs (Disability-Adjusted Life Years),68,Republic of Korea,2,Female,27,Age-standardized,419,Liver cancer due to hepatitis C,3,Rate,2006,71.64177837749114,88.13854364360931,53.97207891674208
2,DALYs (Disability-Adjusted Life Years),68,Republic of Korea,2,Female,27,Age-standardized,419,Liver cancer due to hepatitis C,3,Rate,2009,68.18020003774143,84.0631510208018,51.54149685601526
2,DALYs (Disability-Adjusted Life Years),68,Republic of Korea,2,Female,27,Age-standardized,419,Liver cancer due to hepatitis C,3,Rate,2011,63.73753723361512,79.14288007678397,48.46475197613925
2,DALYs (Disability-Adjusted Life Years),68,Republic of Korea,2,Female,27,Age-standardized,419,Liver cancer due to hepatitis C,3,Rate,2010,66.27865752005098,82.29207941028153,50.14422034991891
2,DALYs (Disability-Adjusted Life Years),68,Republic of Korea,2,Female,27,Age-standardized,419,Liver cancer due to hepatitis C,3,Rate,2014,56.307457282605675,70.12187717781231,42.31440894404512
2,DALYs (Disability-Adjusted Life Years),68,Republic of Korea,2,Female,27,Age-standardized,419,Liver cancer due to hepatitis C,3,Rate,2013,58.65158015192464,73.04086223573957,44.40668071593979
2,DALYs (Disability-Adjusted Life Years),68,Republic of Korea,2,Female,27,Age-standardized,419,Liver cancer due to hepatitis C,3,Rate,2017,54.720895177933784,69.07940569285745,40.4318852461045
2,DALYs (Disability-Adjusted Life Years),68,Republic of Korea,2,Female,27,Age-standardized,419,Liver cancer due to hepatitis C,3,Rate,2015,54.71891618657061,68.07042088433442,41.10582999401369
2,DALYs (Disability-Adjusted Life Years),68,Republic of Korea,2,Female,27,Age-standardized,419,Liver cancer due to hepatitis C,3,Rate,2019,55.25913548223983,71.26370246324196,39.595060378567304
2,DALYs (Disability-Adjusted Life Years),68,Republic of Korea,2,Female,27,Age-standardized,419,Liver cancer due to hepatitis C,3,Rate,2018,55.16822567278282,70.34853658431038,40.23570868239316
